transaction_id,user_id,timestamp,amount,merchant_category,location,payment_method,device_id,transaction_status,account_age_days,credit_score,num_prev_txns,is_international,ip_risk_score,channel,fraud
TXN596892,U0066,2024-01-30 08:41:47,1938.72,Entertainment,Tokyo,UPI,DEV023,Failed,1943,611.7,151,0,0.4473,ATM,0
TXN000127,U0114,2024-01-30 09:28:38,24564.17,ATM,Paris,Net Banking,DEV012,Success,2583,508.0,159,1,0.8271,POS,1
TXN084851,U0072,2024-01-09 15:08:17,2343.76,Utilities,Chicago,Net Banking,DEV038,Success,3835,775.5,152,0,0.3114,POS,0
TXN018145,U0108,2024-01-19 09:10:01,4229.14,Entertainment,Mumbai,Debit Card,DEV041,Success,2065,600.7,127,0,0.717,POS,0
TXN230877,U0188,2024-01-10 01:00:15,2780.64,Retail,Phoenix,Net Banking,DEV036,Failed,3867,706.1,119,0,0.4593,POS,0
TXN776960,U0130,2024-01-13 04:22:25,977.72,Utilities,Chicago,Net Banking,DEV043,Failed,725,559.1,180,1,0.597,Web,0
TXN245230,U0183,2024-01-12 18:23:43,3936.11,Travel,Sydney,UPI,DEV022,Pending,1274,644.0,33,1,0.3217,POS,0
TXN198595,U0129,2024-01-28 10:24:43,497.88,Utilities,Sydney,Net Banking,DEV012,Pending,730,843.4,190,1,0.7287,POS,0
TXN786061,U0020,2024-01-13 11:42:14,2494.84,Online,Mumbai,Wallet,DEV008,Failed,2624,424.5,65,0,0.7593,Web,0
TXN176376,U0149,2024-01-21 03:20:07,3040.95,Retail,Phoenix,Net Banking,DEV002,Pending,2490,605.9,15,1,0.6809,POS,0
TXN007537,U0005,2024-01-02 00:32:43,2404.8,Online,Paris,UPI,DEV040,Failed,665,487.4,182,0,0.546,Web,0
TXN964438,U0192,2024-01-12 01:46:34,2843.28,Utilities,Tokyo,Credit Card,DEV022,Pending,1955,317.7,123,0,0.3801,Web,0
TXN313455,U0162,2024-01-22 21:42:26,4908.02,Online,Houston,Credit Card,DEV015,Pending,2947,605.2,44,1,0.4085,ATM,0
TXN879372,U0109,2024-01-30 06:27:53,4948.42,ATM,Houston,Debit Card,DEV029,Success,1031,320.9,124,1,0.7308,Web,0
TXN000133,U0130,2024-01-24 04:42:18,45512.97,Retail,London,UPI,DEV043,Failed,2498,732.5,411,0,0.864,Web,1
TXN296891,U0193,2024-01-19 11:54:08,43.04,Retail,Phoenix,UPI,DEV033,Failed,1282,521.5,181,0,0.1687,Mobile,0
TXN442882,U0129,2024-01-20 05:36:18,1196.93,Retail,Mumbai,Net Banking,DEV037,Success,2638,472.9,82,1,0.6543,POS,0
TXN168386,U0074,2024-01-10 22:28:03,3264.76,Food,Los Angeles,UPI,DEV031,Success,1640,846.3,68,1,0.7966,ATM,0
TXN000091,U0115,2024-01-08 04:32:27,32411.92,Utilities,London,Credit Card,DEV036,Failed,1278,609.3,451,0,0.7264,Web,1
TXN042004,U0153,2024-01-07 04:27:55,1453.25,Food,Chicago,Net Banking,DEV003,Pending,583,343.5,170,1,0.35,ATM,0
TXN461689,U0049,2024-01-29 09:08:28,402.22,Utilities,London,Credit Card,DEV043,Pending,338,452.8,27,0,0.7023,Mobile,0
TXN167569,U0022,2024-01-25 00:55:22,1886.63,Retail,Chicago,UPI,DEV050,Success,1743,321.9,127,0,0.1775,POS,0
TXN208857,U0038,2024-01-05 06:31:53,1272.91,ATM,London,Net Banking,DEV011,Pending,379,597.4,104,0,0.6264,Mobile,0
TXN752928,U0012,2024-01-25 16:40:58,2403.7,Travel,London,Credit Card,DEV007,Failed,1577,546.9,32,0,0.2092,ATM,0
TXN237842,U0057,2024-01-05 05:42:49,2079.56,Travel,Sydney,Debit Card,DEV012,Pending,188,644.5,197,1,0.1406,ATM,0
TXN097304,U0124,2024-01-12 12:49:18,3243.9,Food,New York,Credit Card,DEV029,Success,811,499.8,176,1,0.1298,Web,0
TXN073362,U0013,2024-01-13 07:42:29,918.02,Travel,Mumbai,Net Banking,DEV044,Pending,1142,563.6,126,0,0.7894,ATM,0
TXN000017,U0163,2024-01-08 20:30:08,7948.83,Food,Los Angeles,Wallet,DEV038,Failed,2350,787.5,428,0,0.9574,ATM,1
TXN610539,U0155,2024-01-24 16:13:04,2886.08,Food,Phoenix,UPI,DEV026,Failed,845,836.7,160,1,0.5127,Web,0
TXN132059,U0067,2024-01-22 19:39:28,2995.35,Retail,Mumbai,UPI,DEV007,Failed,2244,738.9,120,0,0.1577,ATM,0
TXN043975,U0173,2024-01-11 23:47:38,2386.31,Online,Tokyo,Debit Card,DEV035,Pending,804,628.7,67,0,0.196,ATM,0
TXN601351,U0155,2024-01-21 12:04:16,4009.56,Food,Mumbai,Credit Card,DEV038,Success,428,798.4,119,1,0.286,POS,0
TXN315347,U0084,2024-01-28 00:33:52,4221.14,Travel,Houston,Credit Card,DEV042,Pending,1564,495.3,115,0,0.3945,Mobile,0
TXN532287,U0145,2024-01-02 11:40:20,1717.55,Travel,Tokyo,UPI,DEV018,Success,1998,461.2,141,1,0.3919,Web,0
TXN406802,U0199,2024-01-04 22:25:12,2586.98,Retail,Los Angeles,Wallet,DEV015,Success,2438,670.8,105,1,0.2438,ATM,0
TXN789779,U0051,2024-01-29 09:44:10,4097.3,Travel,New York,Net Banking,DEV027,Success,754,781.8,48,0,0.6514,Web,0
TXN807364,U0102,2024-01-20 15:08:42,4169.13,ATM,New York,Wallet,DEV022,Pending,3074,836.6,37,1,0.5947,Web,0
TXN861688,U0022,2024-01-13 19:40:46,1507.61,Entertainment,Houston,Net Banking,DEV022,Failed,3547,442.4,77,0,0.7939,ATM,0
TXN161941,U0145,2024-01-28 08:15:48,2036.24,Online,New York,UPI,DEV017,Success,3393,562.8,109,0,0.7496,ATM,0
TXN576502,U0157,2024-01-13 21:05:37,4174.08,Food,Phoenix,Net Banking,DEV046,Failed,2786,830.8,22,0,0.7166,POS,0
TXN134951,U0166,2024-01-30 19:24:31,3114.75,ATM,New York,UPI,DEV048,Failed,3499,832.9,21,1,0.6555,POS,0
TXN947224,U0086,2024-01-12 10:30:41,1675.52,Utilities,Los Angeles,Net Banking,DEV040,Failed,2773,623.7,172,1,0.5985,Web,0
TXN790182,U0187,2024-01-16 18:12:25,1282.15,Retail,Houston,Net Banking,DEV008,Success,687,788.3,200,0,0.1667,Web,0
TXN192780,U0151,2024-01-30 12:57:17,2726.74,ATM,Los Angeles,Wallet,DEV010,Success,3585,631.0,74,1,0.2169,Web,0
TXN951738,U0137,2024-01-22 11:49:28,1074.79,ATM,Sydney,Debit Card,DEV035,Failed,1361,494.5,148,0,0.5858,ATM,0
TXN013121,U0182,2024-01-04 01:11:32,4102.27,Retail,New York,Net Banking,DEV019,Pending,3024,509.2,101,0,0.6952,POS,0
TXN266622,U0192,2024-01-25 10:10:38,3675.46,ATM,Tokyo,Net Banking,DEV050,Pending,3043,322.2,30,1,0.5363,Mobile,0
TXN628127,U0062,2024-01-13 15:44:42,2102.99,ATM,London,UPI,DEV031,Pending,502,306.9,113,0,0.404,ATM,0
TXN268581,U0160,2024-01-02 05:37:43,3649.7,Travel,Los Angeles,Net Banking,DEV030,Pending,2956,750.6,58,1,0.1236,POS,0
TXN429701,U0161,2024-01-26 06:41:15,3825.05,Retail,New York,Net Banking,DEV045,Failed,2512,402.7,73,0,0.1035,ATM,0
TXN831779,U0163,2024-01-13 02:11:24,732.02,Travel,Sydney,UPI,DEV002,Failed,2681,797.4,186,0,0.446,ATM,0
TXN523035,U0094,2024-01-03 23:05:19,328.44,Retail,Tokyo,Credit Card,DEV005,Success,3081,655.8,35,0,0.3119,ATM,0
TXN041013,U0014,2024-01-24 19:23:04,4593.36,Food,Chicago,UPI,DEV043,Pending,3722,475.4,57,0,0.6307,Mobile,0
TXN196468,U0057,2024-01-24 00:10:45,2771.35,Travel,Chicago,UPI,DEV018,Failed,1282,738.7,55,0,0.4366,Web,0
TXN424368,U0181,2024-01-29 05:16:33,2109.73,ATM,New York,Wallet,DEV006,Failed,2676,392.3,93,0,0.4582,POS,0
TXN487580,U0103,2024-01-06 01:41:31,2921.28,Travel,London,Net Banking,DEV031,Failed,304,334.6,173,1,0.4504,ATM,0
TXN521884,U0024,2024-01-07 16:26:37,3806.16,Retail,Los Angeles,Net Banking,DEV004,Pending,195,744.0,100,0,0.7575,ATM,0
TXN314677,U0065,2024-01-05 07:18:20,2811.24,Online,Chicago,Net Banking,DEV040,Success,471,353.5,124,1,0.4527,ATM,0
TXN272061,U0041,2024-01-03 22:46:39,1608.88,Utilities,Tokyo,UPI,DEV030,Success,1457,767.5,172,1,0.3254,POS,0
TXN369227,U0083,2024-01-19 00:53:56,2559.82,ATM,Chicago,Debit Card,DEV025,Success,3421,337.9,138,0,0.357,Web,0
TXN703361,U0172,2024-01-29 06:27:49,2512.95,Travel,Tokyo,Debit Card,DEV014,Failed,1494,432.2,52,1,0.5285,Web,0
TXN000132,U0170,2024-01-31 04:48:39,10160.46,Food,Phoenix,Net Banking,DEV011,Failed,3606,571.5,385,0,0.9147,Mobile,1
TXN030530,U0036,2024-01-02 14:12:25,3886.86,Retail,London,Wallet,DEV003,Success,664,547.9,189,0,0.622,POS,0
TXN892472,U0163,2024-01-16 02:44:43,4504.28,Food,Los Angeles,Credit Card,DEV030,Failed,466,682.8,62,1,0.681,ATM,0
TXN405512,U0004,2024-01-30 23:06:17,4821.41,ATM,Sydney,Wallet,DEV030,Failed,3008,709.6,97,0,0.1233,Mobile,0
TXN269842,U0050,2024-01-09 13:12:09,800.25,Travel,Sydney,Wallet,DEV034,Pending,3537,772.8,76,0,0.7939,Mobile,0
TXN611603,U0159,2024-01-28 21:02:14,2404.48,Online,Los Angeles,UPI,DEV001,Failed,2614,477.6,28,0,0.4002,ATM,0
TXN746299,U0150,2024-01-25 07:43:42,2338.44,Utilities,Sydney,Credit Card,DEV045,Pending,2772,659.5,101,0,0.4795,ATM,0
TXN572536,U0171,2024-01-16 19:17:11,4838.69,Retail,Houston,Net Banking,DEV008,Success,1172,312.9,74,0,0.3127,ATM,0
TXN642676,U0103,2024-01-11 20:24:39,709.61,Utilities,Paris,Debit Card,DEV007,Success,1669,601.9,75,1,0.6521,Web,0
TXN338612,U0185,2024-01-22 04:28:52,3577.2,Utilities,Mumbai,Net Banking,DEV031,Success,387,838.9,23,0,0.4401,ATM,0
TXN917336,U0189,2024-01-04 19:19:39,4041.13,Online,Houston,Net Banking,DEV010,Success,229,540.4,34,1,0.4302,POS,0
TXN880786,U0125,2024-01-11 17:53:58,773.34,Retail,Paris,Credit Card,DEV029,Pending,1673,829.2,164,0,0.3386,Mobile,0
TXN351678,U0039,2024-01-30 04:27:20,470.37,Food,Chicago,Net Banking,DEV027,Failed,1176,768.0,179,0,0.6177,ATM,0
TXN533231,U0178,2024-01-07 03:55:51,405.25,ATM,Sydney,Credit Card,DEV014,Pending,2194,738.0,195,0,0.627,POS,0
TXN864102,U0031,2024-01-12 14:26:04,2104.45,Travel,Paris,Net Banking,DEV001,Pending,891,455.4,77,1,0.4911,Web,0
TXN540534,U0110,2024-01-18 09:58:20,4654.39,Entertainment,Houston,Wallet,DEV005,Failed,552,346.4,16,0,0.5497,POS,0
TXN811970,U0034,2024-01-18 19:29:32,3312.77,Entertainment,New York,Debit Card,DEV022,Success,2771,390.2,75,1,0.5275,ATM,0
TXN392929,U0008,2024-01-25 13:26:48,3855.68,Food,New York,Credit Card,DEV028,Failed,1568,432.3,53,1,0.4163,Web,0
TXN114456,U0002,2024-01-09 05:41:12,826.27,Travel,Los Angeles,Net Banking,DEV009,Success,1011,839.1,61,0,0.5103,POS,0
TXN742743,U0060,2024-01-15 08:26:03,1427.17,Food,Los Angeles,Net Banking,DEV018,Pending,695,699.2,150,0,0.5864,POS,0
TXN362977,U0112,2024-01-19 11:49:03,2166.44,Online,Houston,Debit Card,DEV018,Pending,994,544.8,25,0,0.5884,POS,0
TXN824248,U0070,2024-01-11 12:47:28,3809.15,Online,Phoenix,Debit Card,DEV010,Pending,1574,477.8,19,1,0.5021,ATM,0
TXN709374,U0170,2024-01-15 13:06:48,2071.14,Travel,Tokyo,Debit Card,DEV007,Success,3300,318.9,120,1,0.6509,Mobile,0
TXN455064,U0027,2024-01-10 22:33:53,2551.04,Utilities,Tokyo,Net Banking,DEV008,Pending,2104,614.1,101,0,0.3511,Web,0
TXN278630,U0155,2024-01-30 07:56:13,3227.15,Food,Houston,Debit Card,DEV005,Pending,2178,845.8,109,1,0.4334,ATM,0
TXN461160,U0008,2024-01-15 20:20:01,1805.03,ATM,Mumbai,Debit Card,DEV013,Success,2186,513.5,120,0,0.1663,Web,0
TXN198227,U0030,2024-01-25 13:52:14,1125.5,Online,New York,Debit Card,DEV030,Pending,3182,611.0,76,0,0.427,Web,0
TXN570937,U0019,2024-01-14 23:38:06,4118.21,Retail,Los Angeles,Credit Card,DEV004,Success,2722,459.4,80,1,0.3543,ATM,0
TXN568768,U0114,2024-01-16 17:06:56,3991.81,Retail,Chicago,Net Banking,DEV026,Success,3567,568.9,191,0,0.1493,POS,0
TXN506346,U0055,2024-01-08 01:14:07,3888.26,Entertainment,Paris,Wallet,DEV022,Pending,955,780.8,10,0,0.1993,Mobile,0
TXN670614,U0093,2024-01-27 14:52:47,2934.71,Entertainment,Los Angeles,Credit Card,DEV050,Failed,2814,409.8,184,0,0.7926,Mobile,0
TXN470875,U0189,2024-01-10 18:17:16,2006.3,Entertainment,Tokyo,UPI,DEV049,Success,2052,309.5,26,0,0.5379,Web,0
TXN873158,U0079,2024-01-02 04:16:52,1270.55,ATM,Los Angeles,Wallet,DEV042,Pending,314,546.8,15,1,0.7728,POS,0
TXN137255,U0091,2024-01-29 03:26:36,2650.55,Retail,Phoenix,UPI,DEV009,Failed,1918,449.9,95,0,0.5545,ATM,0
TXN634892,U0075,2024-01-31 03:53:02,1331.39,Food,London,Net Banking,DEV015,Success,2554,431.6,103,1,0.21,ATM,0
TXN463208,U0058,2024-01-24 01:26:52,2621.97,Travel,New York,Net Banking,DEV007,Failed,1055,660.0,177,1,0.1993,ATM,0
TXN280714,U0100,2024-01-23 18:50:01,2246.14,ATM,London,UPI,DEV018,Failed,641,311.0,154,0,0.4332,Mobile,0
TXN225678,U0081,2024-01-09 09:25:07,461.72,Entertainment,London,Wallet,DEV041,Success,3158,809.7,127,0,0.4576,Mobile,0
TXN390644,U0006,2024-01-18 14:01:46,2082.93,Utilities,Los Angeles,Wallet,DEV049,Pending,1173,326.1,55,1,0.17,Web,0
TXN197583,U0042,2024-01-30 11:09:28,3921.25,Online,Chicago,Debit Card,DEV017,Failed,2083,302.2,154,1,0.4165,ATM,0
TXN412149,U0116,2024-01-24 03:49:01,3718.84,Utilities,Los Angeles,Net Banking,DEV029,Failed,1681,427.1,115,0,0.1682,Web,0
TXN619796,U0109,2024-01-16 22:03:05,4778.21,Entertainment,Phoenix,UPI,DEV043,Pending,445,331.7,91,1,0.6018,Web,0
TXN587563,U0067,2024-01-21 20:42:26,3831.38,Retail,London,Credit Card,DEV046,Failed,2773,402.4,133,1,0.208,Web,0
TXN376939,U0098,2024-01-19 20:05:53,1045.38,Food,New York,UPI,DEV027,Success,1336,699.5,191,0,0.2898,ATM,0
TXN733564,U0039,2024-01-05 09:43:18,1261.95,Travel,Chicago,Debit Card,DEV019,Pending,1725,410.7,124,1,0.376,POS,0
TXN116448,U0159,2024-01-16 15:54:37,1614.57,Utilities,Chicago,Debit Card,DEV049,Success,1544,519.4,133,1,0.299,Web,0
TXN736777,U0087,2024-01-30 10:52:07,1075.22,Utilities,Tokyo,Net Banking,DEV042,Pending,3444,826.0,99,0,0.7655,POS,0
TXN826152,U0199,2024-01-16 09:17:22,975.6,Utilities,Chicago,UPI,DEV029,Success,3050,510.0,164,0,0.3432,POS,0
TXN675269,U0192,2024-01-23 04:27:31,3823.68,ATM,London,Debit Card,DEV048,Pending,3375,753.0,84,0,0.4013,ATM,0
TXN842328,U0096,2024-01-11 18:46:25,3785.93,Entertainment,New York,Debit Card,DEV010,Pending,1265,500.8,124,1,0.2457,POS,0
TXN456369,U0015,2024-01-25 21:56:10,1009.64,Entertainment,New York,Wallet,DEV012,Success,446,590.3,81,0,0.2933,Web,0
TXN553708,U0189,2024-01-17 03:13:25,779.36,Online,Houston,Debit Card,DEV048,Pending,3143,769.5,109,1,0.2373,POS,0
TXN000125,U0173,2024-01-09 08:23:36,37872.83,Utilities,Paris,Net Banking,DEV019,Pending,1470,807.4,363,0,0.5332,POS,1
TXN921382,U0196,2024-01-16 03:45:21,2115.87,Online,Sydney,Debit Card,DEV001,Failed,994,628.1,64,1,0.3184,POS,0
TXN000028,U0108,2024-01-28 00:11:51,15782.02,ATM,London,Credit Card,DEV003,Pending,1170,643.0,215,0,0.5005,POS,1
TXN000013,U0110,2024-01-23 10:06:29,47542.41,Entertainment,Los Angeles,UPI,DEV013,Success,1811,449.4,132,0,0.7059,Web,1
TXN968866,U0174,2024-01-31 18:58:10,3339.61,Online,Tokyo,UPI,DEV022,Failed,1930,410.0,37,0,0.396,Web,0
TXN070408,U0026,2024-01-20 11:04:31,990.18,Online,Phoenix,Credit Card,DEV021,Pending,2036,338.3,81,1,0.4835,Web,0
TXN812722,U0172,2024-01-09 03:07:56,3357.18,Travel,New York,Net Banking,DEV032,Failed,282,593.2,127,0,0.3457,POS,0
TXN006208,U0173,2024-01-05 08:13:13,2568.21,Online,Sydney,Debit Card,DEV019,Pending,2852,659.6,177,1,0.592,Web,0
TXN784108,U0017,2024-01-03 18:46:31,2452.51,Utilities,Chicago,Wallet,DEV024,Success,370,593.5,96,1,0.4006,Mobile,0
TXN774715,U0052,2024-01-17 00:49:34,3513.99,Travel,Los Angeles,UPI,DEV035,Failed,2706,358.0,44,1,0.3713,ATM,0
TXN959189,U0117,2024-01-22 13:23:06,2121.26,ATM,Sydney,Debit Card,DEV005,Success,3337,470.2,68,0,0.5881,POS,0
TXN000016,U0085,2024-01-23 01:01:08,49994.1,Travel,Los Angeles,Debit Card,DEV022,Pending,1675,485.8,143,0,0.5822,Web,1
TXN474268,U0101,2024-01-03 16:38:46,4509.12,ATM,Houston,Net Banking,DEV029,Pending,127,305.4,37,1,0.5541,Web,0
TXN000049,U0169,2024-01-13 08:48:27,9626.68,Retail,Houston,Credit Card,DEV014,Failed,2246,364.9,420,1,0.9584,Web,1
TXN874993,U0197,2024-01-21 11:16:22,1530.13,Food,New York,Wallet,DEV049,Success,1860,352.1,155,0,0.6012,ATM,0
TXN475881,U0046,2024-01-15 14:02:47,3263.87,Entertainment,Paris,Wallet,DEV026,Success,2699,502.0,117,0,0.297,ATM,0
TXN859298,U0144,2024-01-29 01:29:23,548.02,Food,Chicago,Wallet,DEV042,Pending,965,409.0,10,1,0.3497,POS,0
TXN280004,U0177,2024-01-02 23:07:38,2937.92,Travel,Tokyo,Wallet,DEV018,Failed,1112,420.2,191,0,0.7864,ATM,0
TXN500294,U0139,2024-01-12 13:10:13,3909.22,ATM,London,Debit Card,DEV005,Success,1944,490.4,184,0,0.187,ATM,0
TXN000019,U0165,2024-01-07 00:17:14,33011.96,ATM,Sydney,Credit Card,DEV006,Pending,3152,691.1,310,0,0.636,ATM,1
TXN000140,U0068,2024-01-30 05:17:21,18822.97,ATM,Phoenix,Credit Card,DEV014,Success,3421,747.0,392,1,0.9501,POS,1
TXN152991,U0186,2024-01-08 08:23:57,2026.49,ATM,Houston,Net Banking,DEV008,Pending,2405,673.5,55,1,0.1074,Web,0
TXN903593,U0100,2024-01-30 06:31:32,3698.24,Food,Houston,Wallet,DEV021,Pending,2484,469.9,146,0,0.6444,POS,0
TXN000090,U0013,2024-01-25 04:38:43,35931.0,Travel,Sydney,Net Banking,DEV014,Success,1133,636.4,119,1,0.5599,Mobile,1
TXN646380,U0082,2024-01-22 11:08:57,3218.38,Online,Paris,Wallet,DEV012,Success,990,809.5,152,0,0.5929,Mobile,0
TXN988135,U0163,2024-01-27 21:12:38,793.09,Entertainment,Paris,Debit Card,DEV043,Success,1564,709.0,119,1,0.4699,Mobile,0
TXN609457,U0101,2024-01-22 19:43:25,1255.21,Food,London,Debit Card,DEV017,Success,3008,492.4,193,1,0.3608,Web,0
TXN000081,U0044,2024-01-13 17:28:03,5078.91,Online,Chicago,Net Banking,DEV012,Pending,1125,397.0,285,1,0.7906,Web,1
TXN670565,U0197,2024-01-25 15:40:15,562.25,Entertainment,Houston,Debit Card,DEV019,Failed,3948,387.5,158,0,0.6431,POS,0
TXN679985,U0106,2024-01-12 11:47:36,2194.86,Online,Sydney,Net Banking,DEV006,Failed,1587,529.8,170,0,0.1476,POS,0
TXN775671,U0089,2024-01-12 11:07:00,4662.37,Online,Los Angeles,Net Banking,DEV022,Failed,2977,628.9,130,0,0.189,POS,0
TXN891762,U0046,2024-01-30 23:44:39,4220.35,Entertainment,Chicago,Credit Card,DEV030,Failed,1387,660.3,138,0,0.2772,ATM,0
TXN798618,U0099,2024-01-30 22:00:08,3499.85,ATM,Chicago,Net Banking,DEV003,Success,1261,443.4,88,0,0.4145,Mobile,0
TXN747942,U0124,2024-01-11 05:46:22,3398.61,Retail,Los Angeles,Net Banking,DEV013,Pending,1059,547.6,117,1,0.6625,Web,0
TXN913244,U0068,2024-01-26 14:42:24,4763.24,Retail,Paris,Credit Card,DEV020,Failed,2302,543.9,139,1,0.3931,POS,0
TXN564075,U0177,2024-01-04 11:50:47,451.87,Travel,London,Wallet,DEV046,Success,249,410.8,157,0,0.19,Web,0
TXN181651,U0066,2024-01-12 08:48:43,1495.83,ATM,Tokyo,Net Banking,DEV014,Pending,3700,670.1,52,0,0.5307,POS,0
TXN960742,U0148,2024-01-30 00:59:52,3146.26,Food,Houston,UPI,DEV028,Success,2964,487.9,167,0,0.6455,POS,0
TXN286892,U0063,2024-01-11 20:14:50,2246.65,Entertainment,Tokyo,Credit Card,DEV047,Failed,3880,701.8,39,1,0.5104,POS,0
TXN096842,U0066,2024-01-13 23:06:28,4693.57,Online,Houston,Net Banking,DEV031,Pending,865,620.1,193,1,0.3426,Mobile,0
TXN229601,U0199,2024-01-08 09:23:54,1263.1,Online,New York,Wallet,DEV015,Pending,1582,357.1,80,0,0.5543,POS,0
TXN130795,U0017,2024-01-08 07:25:50,2366.99,Online,Mumbai,Net Banking,DEV037,Success,3107,496.6,56,0,0.7364,ATM,0
TXN605418,U0172,2024-01-19 09:14:12,4397.08,Retail,Chicago,Credit Card,DEV010,Pending,637,456.5,189,0,0.6639,Mobile,0
TXN000124,U0179,2024-01-28 06:50:08,31832.83,Retail,Los Angeles,UPI,DEV015,Success,2793,444.7,247,1,0.8849,Mobile,1
TXN461386,U0121,2024-01-17 06:49:05,2359.15,Travel,Tokyo,Net Banking,DEV032,Pending,2731,655.6,127,1,0.108,POS,0
TXN330991,U0009,2024-01-26 02:53:05,952.78,Entertainment,New York,Net Banking,DEV013,Pending,842,839.5,71,1,0.5183,Web,0
TXN878143,U0137,2024-01-30 13:01:40,4380.3,ATM,Sydney,UPI,DEV041,Pending,2828,345.7,91,1,0.1509,Mobile,0
TXN367168,U0062,2024-01-09 05:29:49,2038.38,Food,Phoenix,UPI,DEV013,Success,265,557.9,16,1,0.741,POS,0
TXN357615,U0185,2024-01-18 17:33:36,582.24,Utilities,Los Angeles,Wallet,DEV015,Pending,298,773.9,156,0,0.1365,Mobile,0
TXN643962,U0088,2024-01-30 06:36:22,619.53,Retail,Mumbai,UPI,DEV046,Success,2316,725.6,51,1,0.2077,Web,0
TXN664478,U0113,2024-01-29 06:57:50,35.84,Retail,Houston,Debit Card,DEV008,Failed,761,369.4,62,0,0.2548,Web,0
TXN134755,U0143,2024-01-30 07:06:40,3171.72,Travel,Chicago,Net Banking,DEV033,Success,3707,517.4,34,1,0.2465,ATM,0
TXN890068,U0187,2024-01-19 00:01:56,3403.5,Utilities,New York,Debit Card,DEV030,Success,1446,413.3,34,0,0.2648,Mobile,0
TXN524968,U0029,2024-01-13 16:53:03,2394.36,Entertainment,Sydney,Credit Card,DEV047,Success,2688,838.4,13,1,0.2123,POS,0
TXN000045,U0127,2024-01-16 12:11:36,39246.45,Food,New York,Credit Card,DEV014,Success,3746,546.2,240,0,0.5153,ATM,1
TXN077053,U0176,2024-01-09 17:36:19,4242.13,Online,Mumbai,Net Banking,DEV042,Success,2252,540.8,139,0,0.2886,POS,0
TXN564775,U0055,2024-01-27 07:05:34,3452.65,Travel,Mumbai,Wallet,DEV024,Pending,2759,571.7,144,1,0.6151,POS,0
TXN000048,U0126,2024-01-14 14:05:02,28906.69,Entertainment,Houston,UPI,DEV045,Success,3921,704.2,383,1,0.8145,POS,1
TXN921350,U0131,2024-01-19 18:49:13,1093.72,ATM,Houston,UPI,DEV021,Pending,1658,382.0,31,1,0.2774,ATM,0
TXN991962,U0001,2024-01-11 15:20:03,2258.38,Entertainment,Houston,Net Banking,DEV001,Pending,1923,613.3,64,0,0.1915,Web,0
TXN436036,U0123,2024-01-11 23:47:30,4389.14,Retail,Phoenix,Credit Card,DEV008,Failed,3800,381.9,48,1,0.5718,Web,0
TXN141769,U0054,2024-01-27 14:44:33,954.53,Online,London,Net Banking,DEV003,Failed,3385,834.4,156,1,0.5602,ATM,0
TXN593710,U0145,2024-01-23 11:10:34,449.58,Online,Los Angeles,UPI,DEV049,Pending,2450,831.2,62,1,0.3312,Mobile,0
TXN000010,U0058,2024-01-12 21:07:30,49887.08,ATM,Sydney,Net Banking,DEV011,Success,3543,631.6,474,1,0.5049,ATM,1
TXN602146,U0159,2024-01-09 07:49:03,3238.11,Online,Chicago,Credit Card,DEV033,Success,2816,800.2,193,1,0.1818,ATM,0
TXN000113,U0046,2024-01-16 11:15:51,27997.12,ATM,Paris,Net Banking,DEV039,Success,3568,707.1,282,1,0.7145,POS,1
TXN788211,U0197,2024-01-24 23:27:27,4893.8,Travel,Sydney,UPI,DEV013,Failed,811,330.5,182,1,0.778,POS,0
TXN058233,U0128,2024-01-13 12:27:37,4271.68,Food,New York,Debit Card,DEV049,Pending,3230,448.4,40,1,0.5369,ATM,0
TXN000143,U0118,2024-01-18 12:28:47,46191.05,Online,New York,Debit Card,DEV018,Failed,471,366.0,300,1,0.8806,Mobile,1
TXN976605,U0150,2024-01-08 08:11:01,4643.44,Entertainment,Houston,Net Banking,DEV039,Failed,1018,696.9,154,0,0.3187,Mobile,0
TXN668919,U0027,2024-01-21 05:18:51,4703.04,Entertainment,Mumbai,Debit Card,DEV049,Success,1487,738.9,181,0,0.3645,Web,0
TXN605558,U0154,2024-01-21 06:53:01,11.94,Utilities,Mumbai,Credit Card,DEV003,Success,1404,577.3,56,0,0.2424,Web,0
TXN149775,U0032,2024-01-28 22:29:23,1515.46,Online,Paris,Wallet,DEV029,Failed,1463,785.8,103,0,0.7305,Mobile,0
TXN590901,U0174,2024-01-03 16:47:54,1711.98,Entertainment,London,Debit Card,DEV010,Failed,1434,511.1,79,1,0.5295,Mobile,0
TXN616984,U0099,2024-01-19 18:57:21,1375.51,Travel,Chicago,Net Banking,DEV014,Pending,3966,507.9,108,0,0.5335,ATM,0
TXN746966,U0095,2024-01-28 19:05:19,3487.46,Travel,Sydney,UPI,DEV029,Pending,163,526.5,136,1,0.238,POS,0
TXN848569,U0044,2024-01-21 02:09:07,4591.77,Food,Chicago,Wallet,DEV045,Pending,2215,725.0,134,1,0.1067,POS,0
TXN195137,U0083,2024-01-29 08:40:48,3576.94,Utilities,Mumbai,Wallet,DEV033,Pending,534,522.7,156,0,0.5802,ATM,0
TXN409884,U0165,2024-01-03 04:04:32,139.55,Retail,Houston,Debit Card,DEV014,Pending,597,413.6,120,0,0.2822,Web,0
TXN844421,U0117,2024-01-17 01:59:11,2944.32,Utilities,Mumbai,UPI,DEV048,Failed,3535,617.8,36,0,0.2883,Web,0
TXN316530,U0083,2024-01-14 07:44:53,3329.13,ATM,Sydney,Wallet,DEV039,Pending,3793,839.8,157,0,0.7166,POS,0
TXN847138,U0080,2024-01-15 04:32:47,4795.5,Travel,Mumbai,Credit Card,DEV011,Pending,1998,818.1,199,0,0.1972,POS,0
TXN198524,U0170,2024-01-06 09:57:37,1111.45,ATM,Los Angeles,Wallet,DEV015,Pending,976,578.0,109,1,0.5579,ATM,0
TXN244904,U0068,2024-01-03 00:36:55,2610.66,Utilities,Houston,Wallet,DEV050,Pending,3238,793.4,155,1,0.3438,POS,0
TXN196229,U0196,2024-01-04 10:32:18,954.69,Utilities,Los Angeles,Wallet,DEV014,Success,1835,305.6,53,1,0.2554,Web,0
TXN969543,U0003,2024-01-24 01:29:56,3288.42,Entertainment,Paris,UPI,DEV005,Success,1863,760.6,90,1,0.6995,Mobile,0
TXN019851,U0156,2024-01-07 02:23:58,765.12,ATM,Chicago,Wallet,DEV035,Failed,3566,821.9,41,0,0.4589,Mobile,0
TXN000069,U0029,2024-01-28 11:25:38,18973.0,Travel,Tokyo,Net Banking,DEV047,Failed,3326,727.4,411,1,0.8979,Mobile,1
TXN603475,U0187,2024-01-16 17:25:06,59.93,Utilities,Phoenix,Debit Card,DEV001,Failed,894,740.3,128,0,0.6708,POS,0
TXN143490,U0178,2024-01-26 07:27:26,1488.45,Entertainment,London,Debit Card,DEV031,Pending,460,441.6,89,0,0.188,Mobile,0
TXN514115,U0143,2024-01-17 23:58:30,423.44,Food,New York,Debit Card,DEV030,Success,408,305.9,56,0,0.2356,Web,0
TXN020721,U0153,2024-01-13 16:40:44,3275.49,Online,London,UPI,DEV036,Pending,733,754.0,38,0,0.2354,ATM,0
TXN814698,U0143,2024-01-06 23:29:56,1556.02,Online,Sydney,Net Banking,DEV018,Pending,1605,561.3,28,0,0.4376,POS,0
TXN000029,U0184,2024-01-30 15:39:31,6023.98,Utilities,New York,Net Banking,DEV004,Pending,3816,614.9,176,1,0.8219,POS,1
TXN958663,U0083,2024-01-07 13:51:44,4683.9,Travel,Chicago,UPI,DEV038,Success,1208,368.0,17,0,0.2086,Web,0
TXN493720,U0089,2024-01-23 08:30:06,4829.08,Food,Tokyo,Wallet,DEV047,Pending,3129,684.2,167,0,0.5752,POS,0
TXN112267,U0004,2024-01-13 20:21:58,1760.87,Food,Tokyo,Wallet,DEV014,Success,3666,654.1,38,1,0.7564,Web,0
TXN042334,U0048,2024-01-03 16:35:29,2609.56,Entertainment,Los Angeles,Debit Card,DEV035,Success,3013,835.1,108,1,0.4137,Web,0
TXN626957,U0119,2024-01-15 12:38:05,1354.7,Food,Tokyo,Net Banking,DEV014,Success,2749,712.7,33,0,0.2131,Web,0
TXN000101,U0172,2024-01-19 22:06:04,22544.01,Utilities,Tokyo,Wallet,DEV018,Failed,422,738.8,156,0,0.8663,POS,1
TXN727518,U0044,2024-01-02 08:54:07,2613.89,Online,Los Angeles,Credit Card,DEV013,Pending,2007,640.4,145,0,0.2788,Mobile,0
TXN623485,U0149,2024-01-04 14:44:34,1861.38,Retail,Sydney,Credit Card,DEV041,Pending,2360,378.8,88,0,0.2708,Mobile,0
TXN438813,U0196,2024-01-23 08:01:51,3261.73,Travel,Phoenix,UPI,DEV002,Failed,3659,778.6,132,0,0.7939,Mobile,0
TXN182278,U0121,2024-01-15 15:33:26,1303.23,Utilities,Paris,Net Banking,DEV050,Success,3516,606.5,123,0,0.3804,Web,0
TXN000041,U0013,2024-01-12 03:15:33,15712.67,Retail,Los Angeles,Wallet,DEV005,Failed,2248,430.4,401,1,0.9709,Mobile,1
TXN722166,U0142,2024-01-08 15:28:09,4766.87,Entertainment,Tokyo,UPI,DEV006,Success,3987,395.4,50,0,0.4416,ATM,0
TXN435941,U0011,2024-01-22 03:55:43,2948.06,Entertainment,Tokyo,Wallet,DEV040,Success,1628,699.5,68,0,0.6367,POS,0
TXN307201,U0017,2024-01-18 18:38:54,1324.43,Retail,London,Net Banking,DEV046,Pending,2039,696.0,177,1,0.2692,Mobile,0
TXN859949,U0073,2024-01-09 07:28:29,2542.73,Online,Houston,Wallet,DEV012,Success,3828,369.2,68,0,0.1624,POS,0
TXN441352,U0033,2024-01-01 11:53:25,4971.57,ATM,Mumbai,Debit Card,DEV009,Success,2981,444.3,136,0,0.3681,Web,0
TXN554809,U0132,2024-01-07 17:21:40,4606.72,Utilities,Tokyo,UPI,DEV026,Failed,1181,635.4,169,1,0.6677,ATM,0
TXN382221,U0195,2024-01-08 18:34:03,3383.88,Online,Phoenix,Debit Card,DEV022,Success,232,395.6,94,1,0.768,Web,0
TXN748149,U0197,2024-01-13 16:34:36,4678.59,Food,Sydney,Wallet,DEV046,Pending,969,327.2,166,0,0.2487,ATM,0
TXN529851,U0091,2024-01-29 17:47:59,765.61,Travel,Sydney,UPI,DEV012,Failed,1876,422.7,123,0,0.7385,ATM,0
TXN662331,U0059,2024-01-08 02:41:58,3401.29,ATM,New York,Wallet,DEV025,Failed,2106,359.2,107,0,0.3435,Web,0
TXN828912,U0106,2024-01-10 08:33:03,3803.82,Online,Houston,UPI,DEV019,Pending,1114,526.1,180,1,0.2065,POS,0
TXN446473,U0032,2024-01-31 23:52:58,4989.31,Travel,Houston,Net Banking,DEV044,Failed,2673,312.2,141,1,0.5975,POS,0
TXN924361,U0095,2024-01-16 00:03:03,3793.68,Online,Sydney,Net Banking,DEV037,Failed,3156,559.6,33,1,0.7837,Mobile,0
TXN805392,U0160,2024-01-10 19:02:09,4412.51,ATM,Chicago,Credit Card,DEV007,Success,1354,428.4,96,1,0.6749,ATM,0
TXN359029,U0039,2024-01-09 22:51:26,1208.64,Entertainment,Phoenix,Net Banking,DEV025,Pending,3985,522.0,58,1,0.467,Mobile,0
TXN354656,U0087,2024-01-30 06:46:13,2062.82,Utilities,Mumbai,Wallet,DEV023,Success,398,551.4,159,1,0.1082,Web,0
TXN042613,U0181,2024-01-18 22:25:40,3876.97,Travel,Chicago,Net Banking,DEV048,Failed,1534,691.4,73,0,0.5365,Web,0
TXN037019,U0115,2024-01-28 10:17:30,3817.91,Travel,Phoenix,UPI,DEV037,Failed,2167,795.7,101,0,0.6762,Mobile,0
TXN434020,U0110,2024-01-01 08:23:00,2138.91,Retail,Los Angeles,UPI,DEV017,Failed,286,699.9,170,1,0.6498,Web,0
TXN888565,U0135,2024-01-15 09:43:14,2761.42,Food,Chicago,Debit Card,DEV032,Success,3083,403.4,169,1,0.6712,ATM,0
TXN361116,U0119,2024-01-27 05:27:21,1732.13,Utilities,New York,Wallet,DEV046,Failed,468,310.2,159,1,0.5386,ATM,0
TXN229502,U0015,2024-01-08 09:29:33,4700.03,ATM,Los Angeles,Debit Card,DEV010,Failed,2535,305.4,18,0,0.5982,ATM,0
TXN348402,U0043,2024-01-19 14:33:58,455.45,Entertainment,Tokyo,Credit Card,DEV003,Failed,3976,362.2,37,1,0.1821,Mobile,0
TXN000086,U0019,2024-01-07 22:58:57,25914.94,Food,Chicago,Credit Card,DEV015,Success,1684,413.6,273,0,0.7556,ATM,1
TXN738067,U0156,2024-01-05 10:25:42,3889.51,Travel,Mumbai,UPI,DEV001,Success,3730,512.0,108,0,0.2238,Mobile,0
TXN603794,U0118,2024-01-27 08:25:50,936.42,Online,Mumbai,Net Banking,DEV006,Success,101,301.4,167,0,0.4277,Mobile,0
TXN290433,U0106,2024-01-23 06:32:56,4555.47,Food,Sydney,Debit Card,DEV028,Failed,1686,524.1,32,0,0.6251,ATM,0
TXN984902,U0031,2024-01-22 19:56:54,3832.24,Food,Tokyo,Credit Card,DEV040,Success,1335,823.1,18,0,0.2447,ATM,0
TXN000058,U0159,2024-01-23 02:53:52,11941.49,Travel,London,Debit Card,DEV005,Success,1390,522.1,162,0,0.9497,Mobile,1
TXN000011,U0154,2024-01-22 06:51:33,7098.5,Food,Phoenix,Credit Card,DEV016,Failed,1682,475.8,323,1,0.7008,Mobile,1
TXN909691,U0024,2024-01-24 06:37:31,3872.82,Utilities,Houston,UPI,DEV033,Success,3902,384.0,55,1,0.3909,POS,0
TXN849609,U0052,2024-01-12 02:27:22,3440.92,Online,Houston,UPI,DEV023,Pending,3813,781.2,98,1,0.512,ATM,0
TXN138168,U0139,2024-01-01 08:15:11,4232.75,Entertainment,New York,UPI,DEV026,Success,721,470.3,161,1,0.5045,Web,0
TXN858088,U0135,2024-01-19 07:11:51,3919.41,Online,London,Wallet,DEV033,Failed,396,399.2,78,1,0.5125,Mobile,0
TXN000115,U0060,2024-01-08 22:55:25,6700.11,Online,Sydney,UPI,DEV017,Success,1979,805.0,95,0,0.8749,POS,1
TXN210302,U0026,2024-01-15 13:09:03,383.94,Utilities,Tokyo,Wallet,DEV017,Failed,810,320.7,27,0,0.5298,POS,0
TXN868860,U0130,2024-01-06 18:42:05,1439.31,ATM,Houston,Net Banking,DEV050,Pending,2266,673.9,57,1,0.1803,Web,0
TXN448304,U0042,2024-01-05 20:45:55,4870.67,Food,Houston,Credit Card,DEV029,Success,3160,439.9,160,1,0.6821,Mobile,0
TXN822815,U0107,2024-01-04 07:57:39,2930.58,Food,Los Angeles,Net Banking,DEV034,Success,2201,641.1,126,0,0.7559,Mobile,0
TXN909650,U0158,2024-01-20 12:01:29,2116.93,Travel,Paris,Net Banking,DEV013,Failed,3367,630.6,124,0,0.4459,Web,0
TXN690376,U0185,2024-01-24 11:28:34,4325.31,Utilities,Mumbai,Net Banking,DEV009,Failed,2183,814.9,98,0,0.473,Web,0
TXN601284,U0189,2024-01-26 08:56:44,2106.68,Retail,Sydney,Net Banking,DEV043,Pending,652,809.6,146,0,0.4986,POS,0
TXN385530,U0102,2024-01-05 03:35:53,4640.27,Utilities,Paris,Credit Card,DEV009,Pending,2097,755.8,157,1,0.6363,ATM,0
TXN621745,U0014,2024-01-23 09:47:38,166.24,Food,Paris,Debit Card,DEV037,Failed,124,413.4,51,0,0.2544,POS,0
TXN896817,U0085,2024-01-05 00:03:20,4408.4,Retail,Sydney,Debit Card,DEV017,Success,1511,332.9,132,1,0.1351,Web,0
TXN019435,U0067,2024-01-30 07:39:37,2817.72,Online,Mumbai,Debit Card,DEV004,Failed,2362,575.8,95,0,0.4817,Web,0
TXN834142,U0047,2024-01-29 04:47:40,892.79,Online,Mumbai,Wallet,DEV006,Success,3437,329.4,147,1,0.2751,ATM,0
TXN000005,U0063,2024-01-31 17:44:42,48517.49,Food,Phoenix,Credit Card,DEV014,Failed,1072,791.8,121,1,0.7167,ATM,1
TXN244907,U0173,2024-01-20 06:18:54,3808.15,Utilities,Mumbai,Debit Card,DEV043,Pending,3618,703.2,31,0,0.2093,ATM,0
TXN000004,U0022,2024-01-20 11:59:41,11679.78,Retail,Sydney,Wallet,DEV006,Pending,491,809.7,125,0,0.6866,Mobile,1
TXN000072,U0092,2024-01-01 22:29:00,43610.05,ATM,Mumbai,Debit Card,DEV020,Failed,805,655.3,172,0,0.7311,Mobile,1
TXN857508,U0150,2024-01-05 20:04:12,1720.17,Food,Houston,Wallet,DEV001,Failed,3350,488.0,84,0,0.2384,Mobile,0
TXN789869,U0133,2024-01-06 10:59:08,4018.83,ATM,Los Angeles,Debit Card,DEV028,Pending,1218,657.8,112,1,0.1072,Web,0
TXN011500,U0150,2024-01-17 08:16:50,3283.43,ATM,Tokyo,Wallet,DEV022,Success,1198,838.9,20,0,0.6794,Web,0
TXN000147,U0103,2024-01-22 07:38:42,36327.41,Entertainment,London,Wallet,DEV019,Pending,3163,510.8,176,1,0.724,ATM,1
TXN597484,U0189,2024-01-26 22:07:05,2456.17,Food,Paris,Credit Card,DEV038,Failed,195,707.6,16,1,0.2622,POS,0
TXN999729,U0073,2024-01-22 13:09:55,919.77,Online,New York,Wallet,DEV040,Failed,1342,849.3,103,1,0.4213,Web,0
TXN821391,U0046,2024-01-28 13:37:11,3352.4,Travel,Chicago,Debit Card,DEV043,Pending,482,642.2,76,1,0.6577,Web,0
TXN436931,U0162,2024-01-08 07:55:24,4023.98,Utilities,Paris,UPI,DEV050,Pending,3416,505.7,71,0,0.7483,Web,0
TXN546682,U0155,2024-01-14 16:15:41,3489.61,Utilities,Sydney,UPI,DEV007,Pending,2237,646.1,193,0,0.4317,POS,0
TXN723447,U0035,2024-01-21 13:56:31,2739.32,Online,Phoenix,Credit Card,DEV042,Failed,2380,417.7,145,0,0.3825,Mobile,0
TXN235892,U0127,2024-01-29 14:49:06,4080.9,Travel,Sydney,Credit Card,DEV017,Pending,2629,331.4,194,1,0.7928,POS,0
TXN155273,U0068,2024-01-31 04:01:36,2282.72,Retail,Tokyo,Credit Card,DEV041,Success,212,838.0,40,0,0.2049,Mobile,0
TXN017762,U0127,2024-01-17 06:07:22,959.85,Online,London,UPI,DEV028,Pending,1667,717.6,62,0,0.2762,POS,0
TXN925962,U0161,2024-01-25 06:00:23,3281.91,Entertainment,London,Wallet,DEV040,Pending,1076,701.1,194,1,0.2894,ATM,0
TXN089701,U0199,2024-01-31 08:18:25,2968.12,Entertainment,Houston,Net Banking,DEV023,Pending,2061,673.7,18,1,0.673,Mobile,0
TXN380542,U0030,2024-01-05 13:10:47,2045.59,Utilities,Tokyo,Debit Card,DEV002,Success,2827,565.3,131,1,0.2419,ATM,0
TXN281967,U0062,2024-01-04 23:27:58,458.73,Food,London,Wallet,DEV018,Pending,1638,417.4,13,1,0.7991,Mobile,0
TXN476449,U0069,2024-01-12 22:12:41,2307.12,Utilities,Chicago,UPI,DEV006,Success,1731,611.6,156,1,0.1221,POS,0
TXN435113,U0178,2024-01-09 11:30:09,118.73,Retail,Tokyo,Net Banking,DEV003,Success,2795,575.4,167,0,0.1902,POS,0
TXN437355,U0106,2024-01-15 14:12:02,1220.86,Retail,Mumbai,Credit Card,DEV010,Pending,397,370.6,164,0,0.7041,ATM,0
TXN819478,U0159,2024-01-06 14:15:20,1041.56,Utilities,Chicago,Debit Card,DEV029,Pending,2617,315.2,145,0,0.6857,POS,0
TXN897742,U0085,2024-01-07 00:29:47,2763.43,Utilities,New York,Net Banking,DEV044,Failed,886,769.8,27,0,0.5342,ATM,0
TXN758054,U0166,2024-01-20 09:53:59,4152.81,Utilities,Mumbai,UPI,DEV012,Pending,624,485.1,12,1,0.6856,Web,0
TXN678724,U0028,2024-01-09 19:41:00,4984.28,Entertainment,Los Angeles,Credit Card,DEV003,Pending,1284,583.4,52,0,0.562,POS,0
TXN909855,U0129,2024-01-17 06:59:31,1583.79,Retail,London,Credit Card,DEV042,Success,1645,319.9,90,1,0.1629,Web,0
TXN439719,U0149,2024-01-26 01:00:31,1158.06,Food,Paris,Net Banking,DEV048,Pending,3530,401.4,50,1,0.5662,POS,0
TXN667937,U0069,2024-01-02 08:57:57,1453.55,Utilities,Sydney,Net Banking,DEV024,Success,1771,409.1,93,0,0.3862,ATM,0
TXN665735,U0040,2024-01-23 07:47:08,3888.24,ATM,Tokyo,Net Banking,DEV012,Failed,3681,494.4,187,0,0.2483,Mobile,0
TXN556878,U0195,2024-01-16 14:18:24,4256.77,Food,Phoenix,Wallet,DEV046,Failed,2760,843.3,33,1,0.4134,POS,0
TXN482513,U0070,2024-01-25 13:55:41,3921.19,ATM,Houston,Wallet,DEV009,Failed,1119,376.6,63,1,0.7544,Web,0
TXN192754,U0137,2024-01-03 05:11:09,2695.73,Entertainment,Phoenix,Net Banking,DEV025,Failed,1416,774.6,195,1,0.7211,ATM,0
TXN069841,U0115,2024-01-29 13:59:21,3052.98,Travel,New York,Credit Card,DEV014,Failed,3329,335.6,172,1,0.1389,Web,0
TXN002582,U0121,2024-01-09 00:07:02,4875.11,Utilities,Houston,UPI,DEV037,Pending,1905,694.4,69,1,0.1007,POS,0
TXN874182,U0033,2024-01-10 11:35:41,3663.85,Travel,Chicago,Net Banking,DEV011,Pending,3588,406.3,134,0,0.6526,ATM,0
TXN000135,U0054,2024-01-10 14:24:14,16991.63,Online,Tokyo,Credit Card,DEV012,Success,197,552.3,448,0,0.8598,Mobile,1
TXN572031,U0005,2024-01-23 02:18:22,620.73,Retail,New York,Net Banking,DEV014,Success,188,404.4,122,0,0.7769,Web,0
TXN000121,U0061,2024-01-01 16:22:17,27613.68,Food,Tokyo,Debit Card,DEV003,Failed,2768,344.9,425,0,0.7387,POS,1
TXN852738,U0184,2024-01-28 22:01:07,252.68,Retail,London,UPI,DEV042,Pending,2465,564.0,32,0,0.113,Web,0
TXN273550,U0119,2024-01-03 22:11:34,297.48,ATM,Houston,Credit Card,DEV005,Success,1052,584.2,170,0,0.6311,Mobile,0
TXN456378,U0121,2024-01-14 21:10:03,3339.55,Entertainment,Chicago,Wallet,DEV028,Failed,1577,485.7,132,1,0.6209,Web,0
TXN978771,U0199,2024-01-30 02:05:16,981.06,Food,Phoenix,Debit Card,DEV016,Success,2785,595.3,111,1,0.2563,POS,0
TXN917574,U0141,2024-01-26 10:44:12,1564.22,Travel,Chicago,Net Banking,DEV025,Failed,2881,777.2,47,1,0.2984,Mobile,0
TXN283626,U0155,2024-01-03 21:13:44,3248.23,Retail,Chicago,Credit Card,DEV045,Success,2285,408.1,68,1,0.6437,POS,0
TXN135701,U0072,2024-01-04 11:50:51,505.84,Online,Houston,UPI,DEV025,Failed,2911,526.5,73,0,0.6987,ATM,0
TXN875978,U0147,2024-01-06 11:01:39,4594.03,Online,Chicago,Credit Card,DEV015,Failed,3463,673.7,62,0,0.4931,Web,0
TXN466158,U0149,2024-01-06 09:44:10,3088.41,ATM,New York,Wallet,DEV037,Failed,504,821.3,114,1,0.2769,POS,0
TXN212603,U0100,2024-01-05 04:07:44,2674.49,Online,New York,Wallet,DEV021,Pending,2824,320.1,12,0,0.4797,Mobile,0
TXN816002,U0125,2024-01-03 03:06:54,4424.46,Food,London,Net Banking,DEV016,Pending,3863,529.3,29,0,0.6276,POS,0
TXN434568,U0176,2024-01-05 07:52:10,952.44,Food,Mumbai,Credit Card,DEV012,Failed,2369,575.4,139,1,0.1844,Mobile,0
TXN638462,U0104,2024-01-31 09:43:31,376.08,Online,Phoenix,Wallet,DEV030,Success,1347,391.8,55,0,0.2059,POS,0
TXN000032,U0030,2024-01-01 07:21:21,27043.88,Travel,London,Debit Card,DEV020,Failed,3499,458.2,447,1,0.8128,Mobile,1
TXN465882,U0079,2024-01-18 12:49:47,2282.79,Utilities,Phoenix,Wallet,DEV041,Failed,1847,728.2,55,1,0.7599,POS,0
TXN345934,U0076,2024-01-13 20:14:34,188.44,Online,Mumbai,Wallet,DEV050,Failed,633,590.4,47,1,0.4923,Web,0
TXN767741,U0003,2024-01-02 19:57:59,3045.83,ATM,Los Angeles,Credit Card,DEV045,Pending,1437,700.7,50,1,0.688,Web,0
TXN000154,U0068,2024-01-30 18:15:16,49350.98,Online,Paris,Credit Card,DEV017,Success,2829,626.2,211,0,0.7251,ATM,1
TXN052491,U0176,2024-01-04 15:51:57,3569.49,Food,Chicago,Net Banking,DEV004,Success,916,734.9,93,0,0.1778,Web,0
TXN819608,U0079,2024-01-01 04:28:45,977.5,Food,Phoenix,Debit Card,DEV047,Pending,957,724.0,85,1,0.447,Mobile,0
TXN077461,U0003,2024-01-15 10:07:17,2867.98,Utilities,Sydney,Wallet,DEV040,Failed,3344,810.9,146,0,0.3536,Mobile,0
TXN343390,U0143,2024-01-23 20:08:22,2964.52,Retail,Tokyo,Debit Card,DEV034,Pending,2581,575.6,53,1,0.4236,Web,0
TXN714332,U0096,2024-01-31 01:16:39,535.56,Online,Paris,Debit Card,DEV040,Success,600,804.8,163,1,0.6663,Mobile,0
TXN742619,U0110,2024-01-28 18:21:11,2945.2,Travel,Chicago,Credit Card,DEV019,Success,3708,426.2,171,0,0.6944,Mobile,0
TXN111595,U0050,2024-01-18 23:55:39,859.06,ATM,Chicago,UPI,DEV022,Success,2351,453.6,23,1,0.5886,ATM,0
TXN760908,U0016,2024-01-06 22:30:25,1952.29,Food,Chicago,Credit Card,DEV003,Failed,3473,827.9,107,0,0.6747,Web,0
TXN803030,U0080,2024-01-27 10:59:31,3109.93,Travel,Phoenix,Wallet,DEV006,Failed,3268,589.1,134,1,0.5862,POS,0
TXN067931,U0136,2024-01-17 00:16:30,551.89,Retail,London,Debit Card,DEV029,Failed,2398,789.3,189,1,0.1487,POS,0
TXN353115,U0196,2024-01-20 00:35:29,1156.91,Entertainment,Paris,Wallet,DEV027,Success,2588,524.2,141,1,0.1398,Mobile,0
TXN905481,U0153,2024-01-10 06:21:42,2343.66,ATM,Tokyo,Net Banking,DEV031,Pending,2106,504.5,79,1,0.4217,Web,0
TXN701044,U0075,2024-01-02 16:04:10,4756.41,Online,Los Angeles,Credit Card,DEV013,Pending,2040,781.7,146,1,0.7442,POS,0
TXN854746,U0027,2024-01-16 23:41:12,3699.22,Food,London,Net Banking,DEV008,Failed,1807,594.0,92,1,0.2472,ATM,0
TXN254810,U0170,2024-01-25 15:11:39,1102.0,Entertainment,Phoenix,Net Banking,DEV019,Failed,383,681.0,96,1,0.7559,ATM,0
TXN308065,U0137,2024-01-14 08:43:41,3839.38,Travel,Tokyo,Credit Card,DEV029,Failed,404,724.8,124,1,0.3433,Web,0
TXN496788,U0106,2024-01-28 19:22:53,2065.04,Online,New York,Net Banking,DEV007,Success,714,378.6,183,0,0.676,ATM,0
TXN558816,U0086,2024-01-06 00:33:19,328.17,Entertainment,Sydney,Net Banking,DEV036,Failed,1202,782.1,104,0,0.1863,Mobile,0
TXN125707,U0083,2024-01-24 06:53:49,3165.22,Utilities,London,UPI,DEV037,Pending,157,412.7,55,0,0.1359,Web,0
TXN000064,U0173,2024-01-03 12:13:11,31229.36,ATM,Chicago,Debit Card,DEV015,Failed,2922,582.0,426,1,0.9568,ATM,1
TXN980841,U0117,2024-01-07 16:22:52,857.45,Online,London,UPI,DEV038,Pending,2917,506.0,160,0,0.1521,POS,0
TXN000123,U0190,2024-01-13 00:06:28,28655.14,Travel,Paris,Debit Card,DEV039,Success,873,701.1,392,1,0.8379,ATM,1
TXN101410,U0154,2024-01-13 17:19:47,4274.17,ATM,Houston,UPI,DEV001,Pending,1955,427.5,194,1,0.6582,ATM,0
TXN187139,U0169,2024-01-22 23:42:26,4925.73,Travel,Mumbai,UPI,DEV015,Failed,327,586.2,110,0,0.1279,ATM,0
TXN068453,U0048,2024-01-22 00:03:55,2426.96,Online,London,Credit Card,DEV003,Failed,2200,818.6,110,0,0.7177,Mobile,0
TXN824080,U0063,2024-01-17 10:31:08,1084.92,Entertainment,Mumbai,Wallet,DEV008,Success,381,840.1,119,1,0.6945,POS,0
TXN061310,U0147,2024-01-22 01:35:49,3929.25,Online,New York,Credit Card,DEV029,Failed,3241,372.6,59,0,0.1565,Web,0
TXN140426,U0048,2024-01-13 05:08:45,1561.86,Entertainment,Chicago,Credit Card,DEV007,Pending,1006,375.1,104,1,0.1086,POS,0
TXN985330,U0076,2024-01-15 23:31:08,2076.9,Online,Tokyo,Credit Card,DEV047,Success,587,460.8,95,0,0.6019,Mobile,0
TXN475176,U0154,2024-01-21 16:47:16,1550.45,Utilities,Sydney,Debit Card,DEV013,Success,3207,641.2,19,1,0.5458,POS,0
TXN308651,U0072,2024-01-03 06:34:42,2001.09,Utilities,Los Angeles,Debit Card,DEV028,Failed,3531,569.1,23,0,0.1719,Web,0
TXN130760,U0146,2024-01-23 19:23:30,300.37,Utilities,Phoenix,Credit Card,DEV016,Pending,3605,405.6,182,1,0.7907,Mobile,0
TXN761510,U0131,2024-01-11 13:51:44,3974.37,Food,Mumbai,Net Banking,DEV001,Success,2531,629.8,78,1,0.7134,Web,0
TXN529913,U0133,2024-01-28 14:36:12,16.98,ATM,New York,Debit Card,DEV036,Failed,2823,344.6,53,1,0.4556,ATM,0
TXN098129,U0153,2024-01-15 16:32:17,4664.78,Entertainment,Mumbai,Credit Card,DEV006,Success,2717,750.2,138,1,0.4925,Mobile,0
TXN077481,U0158,2024-01-17 11:54:23,955.92,Food,Los Angeles,UPI,DEV036,Pending,739,757.8,192,1,0.6184,Web,0
TXN294926,U0058,2024-01-23 12:39:00,3658.54,Utilities,Mumbai,Net Banking,DEV038,Failed,1154,527.4,77,1,0.5577,Web,0
TXN000099,U0196,2024-01-21 10:30:25,31625.76,Online,Chicago,UPI,DEV049,Pending,2226,642.4,113,1,0.7471,Web,1
TXN228012,U0049,2024-01-18 05:49:49,2867.27,Utilities,Paris,Net Banking,DEV006,Success,1061,458.9,67,0,0.2983,ATM,0
TXN233857,U0156,2024-01-11 12:33:47,4298.45,Entertainment,Tokyo,Debit Card,DEV022,Failed,569,380.9,83,0,0.7882,Mobile,0
TXN079344,U0005,2024-01-29 09:37:11,3842.18,Utilities,Phoenix,Credit Card,DEV025,Pending,3397,369.8,64,1,0.2024,POS,0
TXN331760,U0028,2024-01-06 17:20:09,1750.07,Travel,Houston,Net Banking,DEV021,Failed,3435,540.8,54,0,0.6187,Mobile,0
TXN061475,U0020,2024-01-10 09:02:23,2600.64,Retail,Phoenix,UPI,DEV010,Success,273,766.8,195,1,0.1532,ATM,0
TXN417248,U0151,2024-01-08 15:52:01,2051.11,ATM,Sydney,Net Banking,DEV023,Failed,981,415.8,118,0,0.5594,POS,0
TXN042676,U0101,2024-01-18 10:10:52,4008.05,Retail,Paris,Net Banking,DEV015,Failed,2665,391.0,184,1,0.3999,POS,0
TXN738825,U0098,2024-01-11 20:40:22,1291.18,Travel,Mumbai,Credit Card,DEV005,Pending,3439,633.6,118,1,0.1258,Mobile,0
TXN150469,U0127,2024-01-07 16:12:46,3283.57,Travel,London,UPI,DEV016,Success,3807,826.4,154,0,0.7837,Mobile,0
TXN000150,U0145,2024-01-09 19:18:59,7774.03,Food,Sydney,Debit Card,DEV024,Pending,668,731.0,431,1,0.5727,POS,1
TXN240830,U0096,2024-01-17 21:58:19,3778.74,Online,Los Angeles,Wallet,DEV001,Failed,3165,467.7,22,1,0.5483,Web,0
TXN000076,U0045,2024-01-03 10:45:18,18083.78,Retail,New York,Net Banking,DEV028,Success,2853,756.5,114,0,0.9272,POS,1
TXN251898,U0022,2024-01-04 09:12:33,4303.27,ATM,Sydney,Credit Card,DEV038,Success,2677,681.2,87,1,0.4104,POS,0
TXN635118,U0199,2024-01-04 01:42:55,953.39,Travel,Sydney,Debit Card,DEV041,Pending,3042,676.7,125,0,0.665,ATM,0
TXN942978,U0171,2024-01-12 05:16:18,106.16,Food,London,Debit Card,DEV038,Success,1881,316.4,123,1,0.6638,POS,0
TXN157840,U0071,2024-01-22 20:24:35,4924.85,Retail,Chicago,UPI,DEV005,Success,1801,479.1,76,0,0.663,POS,0
TXN906933,U0167,2024-01-11 16:50:04,4407.06,Entertainment,New York,Credit Card,DEV016,Failed,1973,621.6,27,0,0.262,Web,0
TXN418143,U0064,2024-01-24 14:30:46,4816.92,Food,Mumbai,Wallet,DEV004,Success,779,830.8,199,1,0.6683,ATM,0
TXN192895,U0126,2024-01-11 11:16:59,3041.05,Food,Chicago,Debit Card,DEV024,Success,2425,780.7,51,0,0.7482,POS,0
TXN786798,U0073,2024-01-19 07:14:25,3591.88,ATM,Mumbai,UPI,DEV045,Success,2328,533.3,171,1,0.4454,POS,0
TXN198179,U0157,2024-01-02 16:18:58,4175.04,Utilities,Los Angeles,Credit Card,DEV044,Success,848,598.9,168,0,0.499,POS,0
TXN911841,U0182,2024-01-01 09:53:18,3178.46,Food,Sydney,UPI,DEV038,Success,3003,815.6,99,0,0.6852,POS,0
TXN531620,U0094,2024-01-08 08:36:33,1898.6,ATM,Sydney,Debit Card,DEV010,Failed,1830,510.6,191,0,0.1694,Web,0
TXN616393,U0156,2024-01-04 18:10:45,365.07,ATM,London,Credit Card,DEV013,Failed,1426,578.7,144,0,0.6781,POS,0
TXN000108,U0068,2024-01-02 08:15:34,26635.04,Food,Sydney,Credit Card,DEV046,Pending,2719,388.6,277,1,0.8509,Web,1
TXN697498,U0056,2024-01-16 16:38:51,4062.41,Online,Tokyo,Net Banking,DEV041,Failed,1973,493.2,68,1,0.7437,POS,0
TXN605029,U0045,2024-01-03 15:47:15,1353.26,ATM,Houston,UPI,DEV031,Success,3328,634.9,113,1,0.1223,POS,0
TXN624487,U0118,2024-01-26 13:54:46,1991.55,Entertainment,New York,Credit Card,DEV011,Success,677,606.5,51,1,0.4883,Mobile,0
TXN526496,U0005,2024-01-24 10:00:22,3589.09,Travel,Los Angeles,UPI,DEV045,Success,2182,561.3,56,1,0.6216,ATM,0
TXN877340,U0196,2024-01-12 06:53:50,3474.33,Online,Sydney,Debit Card,DEV029,Failed,502,729.3,189,1,0.388,POS,0
TXN323342,U0085,2024-01-03 13:12:11,4492.06,Food,Phoenix,Credit Card,DEV011,Success,2464,373.8,78,1,0.2003,Web,0
TXN900998,U0189,2024-01-23 21:46:29,226.51,Food,Los Angeles,Credit Card,DEV005,Failed,153,755.6,47,0,0.3259,POS,0
TXN279685,U0140,2024-01-23 23:06:23,3861.08,Food,Houston,UPI,DEV021,Pending,1559,756.4,180,0,0.1441,Web,0
TXN184324,U0112,2024-01-28 03:39:05,3957.45,Utilities,London,Credit Card,DEV009,Pending,742,659.0,115,0,0.456,ATM,0
TXN260328,U0171,2024-01-24 21:44:25,2758.16,Retail,Mumbai,UPI,DEV010,Success,2828,327.6,135,1,0.3321,Web,0
TXN000118,U0091,2024-01-02 13:59:34,10806.67,Utilities,Chicago,Net Banking,DEV032,Failed,363,711.1,407,1,0.7752,Mobile,1
TXN910424,U0032,2024-01-15 08:42:02,3059.59,Food,Los Angeles,UPI,DEV037,Pending,2725,556.9,13,1,0.7528,ATM,0
TXN003032,U0044,2024-01-19 14:55:47,1021.14,Utilities,Los Angeles,Wallet,DEV042,Success,3324,679.2,79,1,0.1275,POS,0
TXN000120,U0108,2024-01-11 05:01:32,12158.36,ATM,Mumbai,Credit Card,DEV014,Pending,2773,649.9,173,0,0.6163,Mobile,1
TXN000015,U0154,2024-01-20 13:44:51,35820.64,Utilities,Sydney,Wallet,DEV035,Pending,1730,692.0,265,1,0.9758,ATM,1
TXN000040,U0090,2024-01-25 10:45:51,37132.26,Travel,Mumbai,Net Banking,DEV032,Failed,1456,387.5,64,1,0.762,POS,1
TXN000088,U0136,2024-01-30 13:32:16,11082.2,Online,Phoenix,UPI,DEV030,Pending,188,504.0,304,0,0.6887,Web,1
TXN145190,U0009,2024-01-30 10:46:03,4002.56,Utilities,Houston,UPI,DEV005,Failed,567,568.9,92,0,0.7699,Mobile,0
TXN311510,U0104,2024-01-23 12:52:12,2499.81,Food,New York,Credit Card,DEV026,Success,3502,752.3,170,0,0.1086,POS,0
TXN171041,U0127,2024-01-09 02:19:24,2375.98,Utilities,Houston,Net Banking,DEV039,Failed,2851,733.6,153,1,0.4787,POS,0
TXN363553,U0163,2024-01-13 18:51:57,4027.58,Entertainment,Tokyo,UPI,DEV010,Pending,2494,653.9,78,1,0.2478,ATM,0
TXN467093,U0197,2024-01-24 11:01:31,3329.72,Travel,Houston,Net Banking,DEV047,Failed,1416,786.2,174,0,0.2264,POS,0
TXN676492,U0017,2024-01-01 07:07:25,3175.39,Entertainment,Paris,UPI,DEV014,Success,3181,814.4,89,0,0.5887,Mobile,0
TXN659042,U0062,2024-01-07 00:02:22,4442.31,Food,Paris,Net Banking,DEV017,Failed,3835,764.2,152,1,0.4693,POS,0
TXN605571,U0147,2024-01-21 02:11:03,4539.49,Retail,Sydney,Credit Card,DEV037,Success,3871,760.5,172,1,0.263,POS,0
TXN793363,U0154,2024-01-24 00:43:05,2607.12,Travel,Chicago,Credit Card,DEV013,Pending,2855,701.5,91,0,0.771,Mobile,0
TXN981851,U0118,2024-01-20 19:24:52,4547.87,Entertainment,Houston,Debit Card,DEV039,Failed,529,760.2,125,0,0.6081,Web,0
TXN018244,U0132,2024-01-30 12:47:40,3633.3,Retail,Tokyo,Wallet,DEV005,Success,2384,610.2,111,0,0.2105,Web,0
TXN894296,U0124,2024-01-30 19:26:32,2351.42,Entertainment,Paris,Debit Card,DEV044,Failed,3002,849.2,114,0,0.2256,Web,0
TXN043787,U0175,2024-01-07 12:08:48,3266.62,Retail,New York,Wallet,DEV048,Success,1906,509.4,99,0,0.472,Web,0
TXN622731,U0110,2024-01-17 11:50:11,1880.35,ATM,Chicago,Debit Card,DEV033,Pending,2075,474.4,65,1,0.4111,ATM,0
TXN419858,U0048,2024-01-28 23:04:48,2055.25,Travel,Los Angeles,Debit Card,DEV008,Success,2537,674.1,149,0,0.289,POS,0
TXN438977,U0145,2024-01-30 19:55:26,668.8,Travel,Sydney,Wallet,DEV021,Failed,237,603.1,129,1,0.367,Mobile,0
TXN593760,U0198,2024-01-15 08:59:58,1808.59,Entertainment,New York,Wallet,DEV049,Pending,340,559.5,27,1,0.5906,ATM,0
TXN236208,U0150,2024-01-20 23:11:41,4780.86,Online,Los Angeles,Net Banking,DEV022,Success,107,739.2,188,1,0.6772,Web,0
TXN023629,U0010,2024-01-23 20:00:23,4122.81,Retail,London,Debit Card,DEV002,Success,1630,780.3,85,1,0.6074,Mobile,0
TXN407506,U0171,2024-01-19 12:28:56,1482.53,ATM,Los Angeles,Credit Card,DEV001,Failed,2174,519.3,165,1,0.149,POS,0
TXN050488,U0060,2024-01-20 19:01:49,4423.64,ATM,New York,UPI,DEV020,Failed,2349,544.4,165,0,0.2211,Mobile,0
TXN000057,U0138,2024-01-01 21:56:49,30943.77,Online,Sydney,Debit Card,DEV031,Success,3444,579.4,355,0,0.7523,Web,1
TXN729209,U0013,2024-01-21 04:38:10,2669.96,ATM,Houston,Wallet,DEV015,Failed,3916,624.2,23,1,0.6172,ATM,0
TXN653530,U0105,2024-01-22 23:57:46,2604.79,Entertainment,Tokyo,Net Banking,DEV041,Failed,2846,848.4,33,1,0.7299,Mobile,0
TXN378653,U0148,2024-01-08 03:38:00,3238.27,Online,Phoenix,Wallet,DEV007,Failed,3002,642.3,163,1,0.3239,Mobile,0
TXN032648,U0171,2024-01-01 16:50:25,3814.54,Retail,Paris,Debit Card,DEV026,Success,1831,343.5,17,0,0.7043,POS,0
TXN000030,U0005,2024-01-12 07:13:55,15408.86,ATM,Sydney,Net Banking,DEV025,Success,3005,459.6,350,1,0.9782,ATM,1
TXN529604,U0160,2024-01-03 14:58:44,3872.25,Utilities,Chicago,Debit Card,DEV045,Failed,2769,302.9,167,1,0.1544,POS,0
TXN142314,U0125,2024-01-05 06:44:25,3692.72,Entertainment,New York,Wallet,DEV046,Success,1962,340.9,170,1,0.3512,ATM,0
TXN233716,U0132,2024-01-28 16:07:27,4907.77,Food,Mumbai,Credit Card,DEV050,Pending,820,528.4,43,1,0.707,POS,0
TXN386570,U0111,2024-01-04 20:32:14,3608.84,Utilities,New York,Credit Card,DEV005,Failed,2629,544.1,191,1,0.1535,POS,0
TXN053507,U0106,2024-01-02 07:53:15,2480.17,Utilities,Sydney,Wallet,DEV035,Pending,1393,382.8,39,1,0.3365,Mobile,0
TXN628094,U0011,2024-01-22 18:40:21,928.52,ATM,Phoenix,Wallet,DEV034,Success,1724,777.3,116,0,0.4021,Mobile,0
TXN000095,U0028,2024-01-07 03:29:01,47180.27,Utilities,Paris,UPI,DEV032,Failed,1598,692.9,59,0,0.7666,POS,1
TXN497942,U0038,2024-01-09 14:53:32,4069.54,Utilities,Houston,Debit Card,DEV029,Pending,2066,559.5,117,0,0.1613,Web,0
TXN873444,U0047,2024-01-04 08:25:50,1956.51,Utilities,Houston,UPI,DEV032,Success,2855,304.2,69,1,0.3589,ATM,0
TXN511581,U0063,2024-01-09 23:57:05,2401.46,Online,Mumbai,Debit Card,DEV039,Pending,3728,558.4,45,0,0.7363,ATM,0
TXN000025,U0140,2024-01-26 21:46:17,8031.12,Utilities,Chicago,Net Banking,DEV048,Pending,2951,309.6,415,0,0.6497,POS,1
TXN119516,U0124,2024-01-17 00:50:46,4760.68,Entertainment,Tokyo,Net Banking,DEV022,Failed,172,805.4,115,0,0.7503,ATM,0
TXN000085,U0111,2024-01-17 02:05:05,28488.02,Travel,Sydney,Wallet,DEV044,Failed,3037,549.5,219,0,0.5656,Web,1
TXN532332,U0173,2024-01-07 23:44:41,412.54,ATM,Los Angeles,Net Banking,DEV032,Failed,3907,489.5,173,1,0.6808,Mobile,0
TXN452409,U0023,2024-01-01 01:21:30,3100.16,ATM,London,UPI,DEV045,Pending,1694,342.4,34,0,0.3701,POS,0
TXN967634,U0117,2024-01-31 11:57:15,3692.86,Online,Phoenix,Debit Card,DEV039,Failed,1645,718.5,163,1,0.6064,POS,0
TXN980389,U0067,2024-01-20 04:09:31,1885.91,Food,Mumbai,Wallet,DEV001,Success,3570,470.5,184,1,0.255,Web,0
TXN107753,U0071,2024-01-22 14:02:13,4586.07,Entertainment,New York,Credit Card,DEV022,Success,1306,479.5,177,1,0.1548,Web,0
TXN286815,U0105,2024-01-20 22:11:43,1653.43,ATM,New York,UPI,DEV043,Pending,2431,735.1,173,1,0.1627,Web,0
TXN606963,U0016,2024-01-28 07:08:12,4578.94,Food,London,Net Banking,DEV019,Pending,3177,304.1,67,0,0.4336,ATM,0
TXN200839,U0165,2024-01-13 11:15:54,755.43,ATM,London,UPI,DEV029,Failed,1492,791.6,47,1,0.7446,POS,0
TXN391838,U0163,2024-01-05 02:23:01,4182.13,Entertainment,London,Net Banking,DEV033,Pending,2754,662.7,194,1,0.5291,Web,0
TXN634053,U0100,2024-01-15 23:07:31,1761.22,ATM,Houston,UPI,DEV027,Pending,2540,620.1,70,1,0.4105,Web,0
TXN000105,U0049,2024-01-13 21:17:38,20710.64,Utilities,Mumbai,UPI,DEV015,Success,2195,359.4,486,0,0.5477,POS,1
TXN259113,U0177,2024-01-28 14:39:20,1561.57,Retail,New York,Credit Card,DEV039,Failed,374,384.5,28,0,0.244,Mobile,0
TXN009225,U0058,2024-01-25 07:55:56,2563.59,Entertainment,Phoenix,UPI,DEV027,Failed,2437,822.5,77,1,0.6037,Web,0
TXN789555,U0144,2024-01-05 10:09:02,2605.16,Retail,Los Angeles,Credit Card,DEV004,Pending,3003,560.0,154,1,0.156,POS,0
TXN314352,U0069,2024-01-28 13:51:56,939.04,Online,London,Credit Card,DEV042,Pending,2319,336.1,64,1,0.6983,POS,0
TXN596277,U0027,2024-01-02 05:33:18,3837.16,Entertainment,Houston,Wallet,DEV026,Success,3534,615.5,178,0,0.6002,ATM,0
TXN977114,U0020,2024-01-05 10:20:38,2650.82,Retail,Tokyo,Net Banking,DEV049,Failed,3722,478.3,12,1,0.507,Web,0
TXN420552,U0088,2024-01-17 07:44:34,3371.85,Online,Tokyo,Wallet,DEV003,Failed,1319,357.0,179,1,0.738,Mobile,0
TXN033773,U0172,2024-01-24 07:53:27,3729.11,Travel,Houston,Debit Card,DEV018,Failed,2004,824.1,98,0,0.4324,Mobile,0
TXN253607,U0025,2024-01-20 11:30:30,3555.28,ATM,New York,Net Banking,DEV035,Success,876,560.8,23,0,0.1825,ATM,0
TXN314620,U0062,2024-01-27 22:24:33,716.47,Food,Mumbai,UPI,DEV028,Failed,307,333.7,119,1,0.3494,POS,0
TXN776276,U0166,2024-01-27 07:59:39,4362.69,Online,London,Net Banking,DEV009,Failed,1524,649.3,99,0,0.1927,ATM,0
TXN056643,U0090,2024-01-29 10:19:27,3455.82,Retail,Chicago,Credit Card,DEV041,Failed,3970,833.0,146,1,0.1652,ATM,0
TXN464785,U0006,2024-01-27 02:23:00,4056.53,Online,London,Debit Card,DEV029,Success,288,315.1,10,0,0.4285,POS,0
TXN261543,U0019,2024-01-14 05:04:16,2127.51,Travel,Mumbai,Credit Card,DEV041,Pending,2622,463.2,109,0,0.578,ATM,0
TXN809996,U0169,2024-01-27 20:33:06,1085.62,Online,Sydney,UPI,DEV039,Success,2728,780.8,68,0,0.2374,POS,0
TXN611848,U0025,2024-01-26 14:21:44,4412.61,Travel,London,Net Banking,DEV004,Success,204,596.2,197,0,0.7456,Mobile,0
TXN542960,U0148,2024-01-14 10:41:16,42.52,Travel,Houston,UPI,DEV021,Success,3357,354.2,104,1,0.7943,POS,0
TXN348346,U0097,2024-01-29 03:46:39,2584.73,Online,Tokyo,Net Banking,DEV037,Failed,1001,561.4,121,0,0.3333,POS,0
TXN000084,U0028,2024-01-02 17:45:14,24256.2,Travel,New York,Net Banking,DEV006,Failed,2394,384.3,114,1,0.5052,Web,1
TXN529238,U0114,2024-01-27 23:36:04,2578.17,Entertainment,Tokyo,Wallet,DEV039,Failed,100,438.9,35,0,0.1732,Web,0
TXN000023,U0155,2024-01-23 22:19:03,32848.67,Entertainment,New York,UPI,DEV024,Failed,907,419.9,368,1,0.704,Web,1
TXN211925,U0002,2024-01-19 18:28:33,1435.93,Travel,Houston,Net Banking,DEV001,Pending,2863,764.2,43,0,0.124,Web,0
TXN475781,U0137,2024-01-20 12:57:30,2337.0,Online,Sydney,Credit Card,DEV028,Success,808,384.3,41,0,0.1004,Web,0
TXN380249,U0066,2024-01-05 16:05:09,200.91,Food,New York,Credit Card,DEV012,Pending,2949,745.2,108,1,0.2702,Web,0
TXN903893,U0047,2024-01-08 05:25:09,1675.57,ATM,Houston,Credit Card,DEV049,Pending,1437,773.7,26,1,0.2402,ATM,0
TXN787714,U0081,2024-01-31 21:28:27,2024.78,ATM,Mumbai,UPI,DEV039,Failed,3604,680.4,156,1,0.3755,Mobile,0
TXN765743,U0164,2024-01-04 18:01:31,4493.09,Retail,New York,UPI,DEV026,Pending,1282,709.1,94,1,0.331,POS,0
TXN721788,U0056,2024-01-16 19:06:21,2937.81,Food,Chicago,Wallet,DEV048,Failed,1552,394.2,88,0,0.622,Mobile,0
TXN766010,U0135,2024-01-21 22:35:43,508.62,Online,Paris,UPI,DEV027,Failed,1833,393.7,172,1,0.4079,Mobile,0
TXN028145,U0061,2024-01-03 06:57:18,495.22,Utilities,Sydney,Wallet,DEV006,Pending,1291,541.6,171,1,0.2517,Mobile,0
TXN089065,U0169,2024-01-23 05:42:58,3265.79,Food,Paris,UPI,DEV047,Pending,1663,809.0,128,1,0.6878,ATM,0
TXN590690,U0022,2024-01-12 13:05:33,1036.96,Online,New York,Net Banking,DEV031,Pending,3132,527.5,126,1,0.1431,Web,0
TXN991923,U0023,2024-01-12 11:59:31,2753.15,Travel,Chicago,Net Banking,DEV034,Failed,2222,313.3,94,1,0.4759,Web,0
TXN091239,U0173,2024-01-31 21:25:25,2421.8,Online,Los Angeles,Net Banking,DEV023,Success,1371,564.5,154,1,0.3434,Web,0
TXN802425,U0105,2024-01-15 02:02:16,2730.61,Travel,Chicago,Wallet,DEV008,Failed,3272,731.5,135,0,0.151,Mobile,0
TXN564763,U0051,2024-01-20 05:16:56,4325.74,Travel,Houston,UPI,DEV019,Pending,3955,438.1,159,1,0.2768,Web,0
TXN605908,U0177,2024-01-28 03:50:19,2694.92,ATM,London,Net Banking,DEV031,Success,920,357.3,119,0,0.7285,Mobile,0
TXN025434,U0075,2024-01-29 01:12:28,1202.7,Retail,Los Angeles,Net Banking,DEV036,Failed,1536,770.8,154,0,0.5424,Mobile,0
TXN857589,U0045,2024-01-01 02:13:34,3768.35,Entertainment,Tokyo,Wallet,DEV049,Pending,356,714.6,34,1,0.3971,POS,0
TXN970938,U0143,2024-01-25 09:04:07,2295.35,Travel,Los Angeles,UPI,DEV045,Success,2362,588.4,160,0,0.7468,POS,0
TXN977266,U0062,2024-01-16 12:44:56,3186.31,Utilities,Los Angeles,Debit Card,DEV042,Failed,600,417.1,183,1,0.4103,Mobile,0
TXN163024,U0061,2024-01-29 02:29:49,4037.58,Utilities,Paris,Wallet,DEV046,Success,412,483.1,182,0,0.1024,Web,0
TXN801066,U0164,2024-01-23 20:54:53,3358.54,Retail,Mumbai,Credit Card,DEV004,Failed,892,788.9,134,0,0.7312,ATM,0
TXN672088,U0160,2024-01-12 22:39:54,935.26,Travel,Tokyo,UPI,DEV001,Success,503,766.3,137,1,0.3121,ATM,0
TXN000055,U0194,2024-01-25 16:26:17,13511.95,Entertainment,London,Net Banking,DEV038,Pending,448,510.3,211,0,0.6954,POS,1
TXN135112,U0170,2024-01-08 06:20:16,3989.95,Food,Sydney,UPI,DEV037,Pending,1765,803.9,123,1,0.6538,POS,0
TXN208897,U0043,2024-01-01 18:42:59,2778.34,Retail,Paris,Net Banking,DEV031,Success,2112,708.3,37,1,0.6001,Web,0
TXN330625,U0133,2024-01-10 13:09:50,3195.81,Food,Mumbai,Net Banking,DEV009,Success,1740,417.3,18,1,0.1031,Mobile,0
TXN495590,U0153,2024-01-18 19:25:58,1990.22,Retail,Los Angeles,Credit Card,DEV047,Success,478,816.5,91,1,0.6826,Web,0
TXN431070,U0108,2024-01-28 22:44:16,1357.23,Entertainment,New York,Credit Card,DEV011,Failed,3535,351.3,80,0,0.5083,POS,0
TXN471232,U0031,2024-01-13 09:15:59,4679.66,ATM,Houston,Wallet,DEV022,Pending,1994,736.8,152,1,0.6555,Mobile,0
TXN814745,U0182,2024-01-27 06:21:44,2127.62,ATM,Phoenix,Credit Card,DEV021,Success,1844,798.6,38,1,0.254,Mobile,0
TXN379482,U0153,2024-01-17 06:14:51,467.79,Food,Chicago,Debit Card,DEV032,Failed,1598,367.3,35,1,0.5282,POS,0
TXN072744,U0169,2024-01-16 09:24:37,585.39,Entertainment,Paris,Wallet,DEV029,Failed,2729,310.4,139,0,0.1847,Web,0
TXN006474,U0110,2024-01-05 10:38:23,608.14,Online,Tokyo,UPI,DEV009,Failed,1826,537.8,28,1,0.7528,Web,0
TXN000042,U0187,2024-01-15 02:28:12,46707.15,Travel,Chicago,UPI,DEV011,Pending,1864,774.3,383,1,0.7423,POS,1
TXN020090,U0055,2024-01-19 02:23:49,2111.53,Utilities,Phoenix,UPI,DEV002,Success,1959,695.1,12,1,0.1576,Web,0
TXN380024,U0044,2024-01-28 14:43:08,1997.39,Retail,Houston,Net Banking,DEV004,Success,405,560.8,132,0,0.6637,ATM,0
TXN920290,U0169,2024-01-14 01:52:17,4162.87,Retail,Sydney,UPI,DEV039,Success,1484,458.9,192,1,0.5947,POS,0
TXN546907,U0024,2024-01-17 01:01:03,318.09,Food,Mumbai,Credit Card,DEV038,Pending,3649,428.2,98,0,0.2722,Mobile,0
TXN506278,U0039,2024-01-07 08:44:58,3030.93,Utilities,Houston,UPI,DEV018,Failed,439,650.7,137,0,0.6084,Web,0
TXN000144,U0147,2024-01-30 00:54:15,40997.04,Retail,Los Angeles,Net Banking,DEV035,Success,940,446.8,377,1,0.6424,Mobile,1
TXN279745,U0038,2024-01-01 05:59:55,1734.0,Travel,Chicago,Wallet,DEV029,Failed,526,843.6,185,0,0.3487,ATM,0
TXN737538,U0102,2024-01-22 11:28:25,155.93,Entertainment,New York,Credit Card,DEV040,Success,1203,389.6,117,0,0.515,ATM,0
TXN051142,U0186,2024-01-27 05:16:54,3309.3,Retail,Paris,UPI,DEV021,Pending,204,317.8,132,0,0.2972,ATM,0
TXN703963,U0046,2024-01-11 06:33:26,1412.71,Retail,Houston,Credit Card,DEV014,Pending,2775,646.9,176,0,0.6016,ATM,0
TXN080954,U0190,2024-01-25 05:06:14,1052.84,Travel,Paris,UPI,DEV010,Failed,3989,450.5,104,1,0.1398,POS,0
TXN419601,U0108,2024-01-23 17:25:17,4860.96,Utilities,Houston,Debit Card,DEV012,Success,1625,520.0,109,1,0.5122,Web,0
TXN468059,U0197,2024-01-04 03:38:19,2189.72,Retail,Sydney,Net Banking,DEV015,Pending,840,678.9,131,0,0.7525,POS,0
TXN735508,U0165,2024-01-10 12:22:42,4981.21,Retail,Chicago,Wallet,DEV048,Success,3888,717.8,120,0,0.7674,Mobile,0
TXN030254,U0064,2024-01-01 04:59:51,2280.91,Food,Tokyo,Debit Card,DEV020,Success,3649,722.4,180,0,0.2538,Web,0
TXN913364,U0092,2024-01-03 20:30:05,4690.19,Travel,London,Credit Card,DEV024,Pending,722,699.5,47,1,0.3146,ATM,0
TXN571455,U0130,2024-01-03 03:30:57,4833.25,Travel,Los Angeles,Wallet,DEV024,Failed,3833,784.8,98,0,0.284,Mobile,0
TXN853657,U0173,2024-01-23 05:15:10,3037.26,Utilities,Houston,Debit Card,DEV025,Success,1814,385.7,178,0,0.1698,POS,0
TXN000112,U0051,2024-01-09 00:11:29,32592.45,Entertainment,Tokyo,Wallet,DEV034,Pending,3433,561.0,479,1,0.5293,ATM,1
TXN552356,U0048,2024-01-06 21:28:44,2565.93,ATM,New York,UPI,DEV016,Success,881,794.4,16,1,0.4746,POS,0
TXN647355,U0127,2024-01-22 12:25:19,890.16,Travel,Houston,Wallet,DEV039,Failed,1147,687.5,116,1,0.6994,Mobile,0
TXN941199,U0028,2024-01-31 01:25:15,329.56,Food,Tokyo,Wallet,DEV038,Failed,2248,794.0,60,1,0.4816,ATM,0
TXN026791,U0099,2024-01-06 19:58:55,2188.6,Online,Paris,Debit Card,DEV027,Failed,407,771.9,147,0,0.556,POS,0
TXN418914,U0137,2024-01-30 08:05:46,719.08,Utilities,Phoenix,Wallet,DEV023,Pending,3581,570.0,66,0,0.7478,Web,0
TXN465815,U0133,2024-01-27 05:08:21,3225.01,Online,Sydney,Net Banking,DEV028,Failed,2763,368.6,145,0,0.4906,Web,0
TXN859848,U0192,2024-01-06 16:51:37,4514.28,Online,Mumbai,UPI,DEV018,Pending,558,732.7,86,1,0.6563,Mobile,0
TXN718475,U0174,2024-01-13 16:56:29,3146.64,Food,Tokyo,Debit Card,DEV031,Failed,3476,355.5,27,1,0.3876,POS,0
TXN831205,U0084,2024-01-13 05:13:55,1850.34,Entertainment,London,UPI,DEV036,Success,1474,431.6,182,0,0.6383,Mobile,0
TXN756005,U0009,2024-01-11 05:17:19,3985.35,Retail,Houston,Credit Card,DEV025,Failed,2828,720.2,178,1,0.5155,ATM,0
TXN977073,U0074,2024-01-10 15:52:23,2364.89,Retail,Sydney,Debit Card,DEV005,Pending,2583,825.8,47,0,0.6335,ATM,0
TXN458234,U0125,2024-01-27 01:14:08,2792.49,Utilities,Houston,Wallet,DEV020,Failed,3590,677.5,82,0,0.4299,ATM,0
TXN290045,U0088,2024-01-31 09:54:31,2306.51,ATM,Tokyo,Net Banking,DEV022,Pending,2786,717.0,76,0,0.3373,Web,0
TXN494441,U0083,2024-01-12 09:36:50,1889.28,Entertainment,Paris,Debit Card,DEV022,Success,2345,589.6,38,0,0.5351,Web,0
TXN905492,U0061,2024-01-03 04:53:12,1472.3,Entertainment,Phoenix,Wallet,DEV015,Failed,3349,564.0,19,1,0.4612,ATM,0
TXN429168,U0022,2024-01-31 07:37:21,1621.75,Retail,Houston,Wallet,DEV041,Pending,1474,548.0,37,0,0.6571,POS,0
TXN000117,U0087,2024-01-09 19:41:20,42944.32,Food,London,Credit Card,DEV001,Pending,214,745.2,221,1,0.9303,POS,1
TXN347552,U0154,2024-01-04 13:48:50,2703.07,Food,Sydney,UPI,DEV008,Failed,415,532.5,174,1,0.2707,ATM,0
TXN485541,U0137,2024-01-17 10:37:53,1969.08,Utilities,Sydney,UPI,DEV037,Pending,374,672.7,103,1,0.2396,ATM,0
TXN020164,U0193,2024-01-19 11:31:34,4159.76,Travel,Paris,UPI,DEV023,Pending,920,467.3,121,1,0.2865,Web,0
TXN525403,U0043,2024-01-16 05:58:29,2663.14,Travel,London,Wallet,DEV016,Pending,295,413.5,149,1,0.5479,POS,0
TXN666223,U0049,2024-01-01 06:59:04,1269.44,Utilities,Phoenix,Debit Card,DEV033,Failed,145,706.6,97,1,0.4493,ATM,0
TXN213253,U0112,2024-01-17 11:47:55,1118.84,Retail,Paris,UPI,DEV035,Pending,404,637.5,100,0,0.6367,Web,0
TXN395460,U0175,2024-01-03 15:07:10,1113.82,Retail,London,Debit Card,DEV023,Pending,999,783.9,166,0,0.6389,Mobile,0
TXN173679,U0083,2024-01-02 20:26:17,3711.98,Retail,Los Angeles,UPI,DEV004,Pending,1124,560.1,192,0,0.2627,POS,0
TXN941555,U0144,2024-01-07 02:24:14,4035.91,Utilities,Sydney,Wallet,DEV009,Pending,876,462.5,28,1,0.171,POS,0
TXN355465,U0106,2024-01-23 05:06:46,3564.81,Retail,Chicago,Net Banking,DEV019,Failed,2490,646.0,164,1,0.5028,Mobile,0
TXN199727,U0082,2024-01-30 17:45:57,759.03,Retail,New York,Net Banking,DEV029,Pending,268,529.3,14,0,0.7264,POS,0
TXN777279,U0015,2024-01-29 23:53:25,1825.61,ATM,Tokyo,Wallet,DEV044,Failed,770,844.6,151,0,0.2617,POS,0
TXN065493,U0140,2024-01-09 04:20:20,2187.53,Online,Phoenix,Wallet,DEV021,Failed,3147,720.5,71,0,0.5627,ATM,0
TXN000065,U0117,2024-01-12 22:38:06,40374.55,Online,Los Angeles,UPI,DEV030,Pending,3566,624.4,301,0,0.9512,ATM,1
TXN925172,U0173,2024-01-10 02:05:09,4483.82,Food,Tokyo,Debit Card,DEV018,Failed,147,508.1,149,1,0.1865,Web,0
TXN495899,U0132,2024-01-23 12:20:38,1815.57,ATM,Sydney,UPI,DEV044,Failed,2640,354.5,184,1,0.6706,Web,0
TXN584370,U0086,2024-01-19 18:58:15,3680.62,ATM,Mumbai,Debit Card,DEV037,Success,1411,433.8,123,0,0.4036,Mobile,0
TXN071802,U0134,2024-01-26 13:23:11,2271.18,Food,Tokyo,Net Banking,DEV042,Success,2586,694.8,175,1,0.6514,ATM,0
TXN872827,U0039,2024-01-01 08:03:25,438.29,Online,Tokyo,Debit Card,DEV015,Failed,1926,472.8,84,0,0.7691,Web,0
TXN934274,U0057,2024-01-25 03:18:45,599.99,Retail,Houston,UPI,DEV040,Failed,1946,334.0,101,0,0.6634,Mobile,0
TXN689132,U0050,2024-01-19 16:10:10,2921.04,Utilities,Chicago,Credit Card,DEV010,Failed,2701,434.2,136,0,0.3489,ATM,0
TXN684520,U0138,2024-01-24 14:43:54,2167.76,Online,Los Angeles,Credit Card,DEV018,Failed,1979,441.1,96,0,0.3094,ATM,0
TXN165438,U0168,2024-01-22 03:18:24,4086.92,Utilities,Sydney,Net Banking,DEV030,Success,505,749.4,48,0,0.1099,ATM,0
TXN122528,U0063,2024-01-10 05:57:13,4585.49,Utilities,New York,Debit Card,DEV037,Success,1256,502.7,72,0,0.2065,ATM,0
TXN585657,U0114,2024-01-30 09:56:20,2268.2,Food,Tokyo,UPI,DEV044,Success,1630,811.9,145,0,0.7503,Web,0
TXN960349,U0086,2024-01-26 22:39:22,3707.24,Food,London,Debit Card,DEV004,Success,2859,457.9,16,0,0.5844,POS,0
TXN818644,U0049,2024-01-27 07:35:04,1128.88,Utilities,Paris,Wallet,DEV036,Failed,1565,706.5,90,0,0.1975,ATM,0
TXN000126,U0083,2024-01-23 03:20:38,29673.67,Travel,Paris,UPI,DEV022,Pending,3490,663.1,135,0,0.6109,Mobile,1
TXN148498,U0108,2024-01-06 11:03:21,3885.57,Food,Chicago,Wallet,DEV036,Failed,2728,716.4,24,0,0.3739,Mobile,0
TXN630897,U0062,2024-01-25 15:26:51,1756.19,Online,Paris,Credit Card,DEV010,Success,1684,790.7,44,0,0.6175,ATM,0
TXN186598,U0098,2024-01-12 05:24:08,2173.83,Food,Chicago,UPI,DEV022,Pending,3460,815.1,41,0,0.3088,ATM,0
TXN386445,U0160,2024-01-11 18:33:57,4160.62,Travel,London,Net Banking,DEV042,Success,880,715.7,158,1,0.1023,POS,0
TXN165726,U0165,2024-01-21 17:09:06,4592.77,Travel,New York,UPI,DEV026,Failed,279,425.5,118,1,0.1852,Web,0
TXN231372,U0096,2024-01-10 12:05:06,3015.06,Online,Phoenix,Net Banking,DEV010,Failed,3541,540.2,32,0,0.5173,Web,0
TXN211271,U0102,2024-01-14 06:24:41,1261.85,Food,Chicago,Debit Card,DEV010,Failed,3615,819.3,102,1,0.6075,Mobile,0
TXN080591,U0063,2024-01-05 16:51:17,1545.23,ATM,Tokyo,Debit Card,DEV017,Success,2809,337.2,95,0,0.4073,Mobile,0
TXN266779,U0064,2024-01-09 01:30:20,2743.15,Entertainment,Mumbai,Wallet,DEV038,Failed,2135,517.7,103,1,0.4343,Mobile,0
TXN137134,U0090,2024-01-08 05:18:05,4305.06,ATM,London,Debit Card,DEV009,Success,1244,407.0,66,0,0.6199,Web,0
TXN362797,U0169,2024-01-16 03:49:05,4271.74,Retail,London,Net Banking,DEV048,Success,2694,348.1,45,1,0.2809,Web,0
TXN202929,U0150,2024-01-28 00:59:54,4796.4,Travel,Sydney,Credit Card,DEV042,Pending,1888,367.0,196,0,0.4268,POS,0
TXN222987,U0087,2024-01-25 06:24:26,569.14,Retail,Mumbai,UPI,DEV001,Pending,2003,537.4,128,1,0.7888,ATM,0
TXN364178,U0025,2024-01-23 02:10:32,2080.27,Utilities,Tokyo,Debit Card,DEV027,Success,2728,562.4,142,0,0.1646,Mobile,0
TXN000096,U0041,2024-01-17 06:52:52,42668.6,Retail,Phoenix,Credit Card,DEV042,Success,2027,809.6,272,0,0.976,ATM,1
TXN000087,U0048,2024-01-06 16:11:03,22992.27,Utilities,London,Wallet,DEV043,Pending,1167,421.1,318,1,0.7829,Mobile,1
TXN544532,U0083,2024-01-16 14:17:39,3981.69,Retail,Sydney,Wallet,DEV042,Pending,3525,776.8,12,1,0.6712,ATM,0
TXN467631,U0008,2024-01-03 18:40:08,890.36,Utilities,Phoenix,UPI,DEV006,Pending,2592,842.7,80,1,0.3693,Mobile,0
TXN125029,U0165,2024-01-24 00:14:52,2977.93,Food,Phoenix,Net Banking,DEV009,Failed,3434,339.8,38,1,0.698,ATM,0
TXN010383,U0126,2024-01-11 07:02:31,1345.92,Travel,Chicago,Net Banking,DEV024,Failed,3567,310.7,75,0,0.5602,POS,0
TXN715089,U0136,2024-01-18 20:31:34,2242.22,ATM,Chicago,Debit Card,DEV023,Success,1922,791.7,189,1,0.5765,ATM,0
TXN085108,U0083,2024-01-26 07:39:11,4114.48,ATM,Chicago,Wallet,DEV037,Success,3960,485.4,76,1,0.7446,ATM,0
TXN389907,U0005,2024-01-19 03:06:23,3189.29,Travel,Paris,Wallet,DEV042,Failed,2629,306.4,108,1,0.1041,Web,0
TXN849628,U0004,2024-01-03 02:29:14,3405.24,Entertainment,Tokyo,UPI,DEV001,Success,2334,548.1,29,1,0.6375,POS,0
TXN428858,U0114,2024-01-24 06:09:39,2822.38,Online,Sydney,Wallet,DEV023,Failed,2756,752.8,79,1,0.7544,Web,0
TXN000119,U0192,2024-01-27 15:51:04,8145.23,ATM,Chicago,Debit Card,DEV018,Failed,1874,564.6,403,0,0.5185,Web,1
TXN005429,U0145,2024-01-10 02:30:08,4461.45,Food,New York,Net Banking,DEV049,Success,1673,697.3,73,1,0.3133,Web,0
TXN227368,U0045,2024-01-06 13:41:51,294.09,Entertainment,New York,Credit Card,DEV047,Pending,2308,817.9,78,1,0.528,POS,0
TXN256149,U0158,2024-01-13 23:21:59,392.26,ATM,Chicago,Wallet,DEV001,Failed,1138,657.3,21,1,0.5808,Mobile,0
TXN764668,U0122,2024-01-05 09:41:17,4728.05,Utilities,Chicago,Wallet,DEV034,Pending,2923,550.9,80,1,0.4509,ATM,0
TXN000066,U0066,2024-01-07 16:41:02,14046.59,Retail,Chicago,Credit Card,DEV020,Success,1601,491.7,465,1,0.5694,ATM,1
TXN686006,U0048,2024-01-19 21:35:15,3788.78,Utilities,Houston,Debit Card,DEV033,Success,1058,843.0,135,1,0.5813,Web,0
TXN835428,U0070,2024-01-12 10:15:45,3475.1,Travel,Houston,UPI,DEV011,Pending,1512,559.5,183,0,0.424,Mobile,0
TXN530919,U0096,2024-01-27 03:49:26,1116.53,Retail,Paris,Debit Card,DEV025,Success,3199,761.1,171,0,0.5878,Mobile,0
TXN944229,U0051,2024-01-25 16:11:24,1207.41,Online,Houston,Debit Card,DEV034,Success,379,589.5,82,1,0.4753,Web,0
TXN376040,U0156,2024-01-24 10:22:27,4246.46,Entertainment,Sydney,Net Banking,DEV015,Pending,704,832.9,121,0,0.4251,Mobile,0
TXN093235,U0080,2024-01-08 16:59:54,3838.31,Entertainment,Los Angeles,Wallet,DEV041,Failed,513,547.3,86,1,0.3154,Mobile,0
TXN248133,U0189,2024-01-27 05:33:10,2136.95,Entertainment,London,Net Banking,DEV004,Pending,3591,597.1,46,0,0.3842,Mobile,0
TXN000047,U0075,2024-01-17 05:05:43,13590.54,Entertainment,Chicago,Wallet,DEV035,Success,3964,766.5,295,1,0.5655,Web,1
TXN264667,U0066,2024-01-22 12:45:29,2701.53,Retail,Mumbai,Credit Card,DEV050,Pending,730,338.5,180,0,0.6724,Mobile,0
TXN809371,U0097,2024-01-15 13:51:35,3960.24,Entertainment,Chicago,Debit Card,DEV036,Failed,1644,702.5,66,0,0.4022,Web,0
TXN036749,U0154,2024-01-08 17:49:06,2181.11,Online,Tokyo,Debit Card,DEV016,Failed,2117,736.4,165,1,0.4022,ATM,0
TXN635486,U0070,2024-01-07 06:02:55,4717.53,Travel,Phoenix,Net Banking,DEV030,Failed,2204,610.4,113,1,0.1067,Mobile,0
TXN000068,U0077,2024-01-01 10:23:01,26706.11,Food,Houston,UPI,DEV021,Failed,1612,602.1,98,1,0.544,Mobile,1
TXN671501,U0162,2024-01-27 19:46:35,1381.4,Retail,Los Angeles,Net Banking,DEV003,Success,275,567.7,169,0,0.5307,Web,0
TXN861711,U0196,2024-01-09 21:02:31,3718.61,ATM,Houston,UPI,DEV029,Failed,2181,621.7,97,0,0.2079,Mobile,0
TXN668116,U0154,2024-01-26 10:20:45,891.72,Entertainment,Tokyo,Net Banking,DEV014,Pending,3859,544.1,121,0,0.3038,POS,0
TXN000137,U0008,2024-01-05 14:37:00,10226.48,Travel,New York,Wallet,DEV035,Failed,1785,402.7,347,1,0.843,POS,1
TXN674419,U0025,2024-01-27 18:28:28,3999.77,Food,Mumbai,Debit Card,DEV006,Pending,3532,636.0,74,1,0.1176,Mobile,0
TXN692226,U0099,2024-01-29 18:04:13,1819.35,Food,London,Debit Card,DEV024,Pending,1543,437.4,171,0,0.1324,ATM,0
TXN398398,U0170,2024-01-15 01:13:58,2119.91,Entertainment,Mumbai,Debit Card,DEV017,Success,2023,616.2,30,0,0.2847,ATM,0
TXN836575,U0010,2024-01-12 02:35:13,56.26,Retail,New York,Wallet,DEV007,Failed,757,321.8,184,0,0.6068,POS,0
TXN388778,U0117,2024-01-11 18:25:40,803.26,Food,London,UPI,DEV037,Failed,3515,604.6,62,1,0.5256,ATM,0
TXN844643,U0114,2024-01-29 20:34:39,3923.1,Travel,Houston,UPI,DEV005,Pending,1184,515.8,187,0,0.524,Web,0
TXN749721,U0113,2024-01-05 01:17:45,297.25,Retail,Sydney,Wallet,DEV031,Failed,2443,609.7,193,0,0.6695,POS,0
TXN849040,U0085,2024-01-07 23:04:30,219.58,Travel,New York,Net Banking,DEV003,Success,2743,697.1,148,1,0.4571,POS,0
TXN010637,U0031,2024-01-25 03:03:34,2527.54,Travel,Sydney,Net Banking,DEV036,Success,302,755.1,77,1,0.2306,Web,0
TXN508478,U0136,2024-01-25 01:40:28,2142.96,Online,London,Debit Card,DEV037,Success,1520,395.8,129,1,0.303,ATM,0
TXN693502,U0131,2024-01-10 14:32:51,3541.36,Food,Chicago,Credit Card,DEV050,Success,1740,753.9,195,0,0.7598,Mobile,0
TXN131443,U0018,2024-01-10 11:17:36,3372.79,Utilities,London,Debit Card,DEV049,Failed,3232,825.4,62,1,0.5518,ATM,0
TXN058209,U0089,2024-01-17 11:58:13,1643.84,Food,London,UPI,DEV015,Success,2799,784.5,192,1,0.4305,Mobile,0
TXN426086,U0120,2024-01-31 05:50:59,2755.37,Online,Los Angeles,Credit Card,DEV030,Pending,1933,744.3,127,1,0.5335,Web,0
TXN000138,U0194,2024-01-14 07:20:37,27435.79,Retail,London,Credit Card,DEV025,Failed,940,594.9,215,1,0.9069,POS,1
TXN128128,U0152,2024-01-13 22:45:39,4725.3,Food,Chicago,Net Banking,DEV017,Failed,3825,368.5,88,0,0.3836,ATM,0
TXN714160,U0099,2024-01-24 23:36:04,3611.61,Retail,Mumbai,Wallet,DEV045,Pending,1602,537.6,197,1,0.446,Mobile,0
TXN438710,U0053,2024-01-17 06:21:41,2823.68,Online,Houston,Net Banking,DEV027,Failed,3197,775.6,62,1,0.5924,ATM,0
TXN478626,U0127,2024-01-04 00:18:35,2189.87,Utilities,Los Angeles,Credit Card,DEV039,Failed,3417,801.9,147,1,0.4258,ATM,0
TXN994199,U0005,2024-01-24 06:26:34,834.24,Utilities,Los Angeles,UPI,DEV044,Pending,1211,470.0,145,1,0.7234,POS,0
TXN636026,U0070,2024-01-15 11:31:18,3217.06,Entertainment,Phoenix,Credit Card,DEV001,Failed,2253,798.7,169,1,0.3442,Web,0
TXN000018,U0010,2024-01-17 18:00:13,49226.84,ATM,Los Angeles,Net Banking,DEV047,Success,2070,800.2,284,0,0.9022,Mobile,1
TXN821646,U0002,2024-01-19 13:00:11,2680.17,Utilities,Los Angeles,Credit Card,DEV027,Failed,3188,403.4,51,1,0.1148,POS,0
TXN341613,U0144,2024-01-29 12:19:14,2608.77,Online,Phoenix,Net Banking,DEV047,Pending,661,405.8,111,1,0.1957,ATM,0
TXN462171,U0115,2024-01-15 01:33:39,4479.9,Utilities,Paris,Credit Card,DEV047,Pending,2373,322.0,29,0,0.3369,Mobile,0
TXN171407,U0135,2024-01-11 01:25:26,1378.74,Travel,Houston,Net Banking,DEV029,Failed,3595,843.0,71,0,0.2198,Web,0
TXN715983,U0092,2024-01-24 07:21:20,951.91,Food,London,Credit Card,DEV049,Pending,1861,583.6,37,0,0.2193,ATM,0
TXN542302,U0055,2024-01-27 10:22:27,3451.91,Utilities,Sydney,Debit Card,DEV041,Success,3680,662.5,146,0,0.5936,Mobile,0
TXN425589,U0066,2024-01-17 00:26:25,3789.62,ATM,Sydney,UPI,DEV038,Success,2364,491.6,183,0,0.3176,Mobile,0
TXN457775,U0155,2024-01-21 01:43:18,3972.03,Retail,Tokyo,UPI,DEV003,Pending,674,728.6,82,1,0.4251,ATM,0
TXN154650,U0094,2024-01-14 00:07:49,2256.01,Online,Los Angeles,Debit Card,DEV032,Failed,3841,393.7,195,1,0.7544,ATM,0
TXN280675,U0090,2024-01-05 03:33:02,2445.93,Travel,London,UPI,DEV047,Success,3361,680.6,89,0,0.2512,ATM,0
TXN206681,U0121,2024-01-10 20:17:40,332.22,ATM,Los Angeles,Net Banking,DEV010,Failed,3980,829.7,94,0,0.1085,Mobile,0
TXN732915,U0023,2024-01-26 18:50:28,3620.07,Retail,Los Angeles,Net Banking,DEV026,Pending,2859,600.6,95,1,0.2138,POS,0
TXN810993,U0077,2024-01-04 02:54:37,3437.81,Utilities,Los Angeles,UPI,DEV042,Failed,530,445.4,143,0,0.3657,Web,0
TXN112660,U0071,2024-01-26 20:52:36,3956.49,ATM,Paris,Wallet,DEV007,Failed,2986,503.3,175,0,0.6516,Mobile,0
TXN246322,U0143,2024-01-19 06:00:21,2538.6,Food,London,Net Banking,DEV043,Pending,489,570.6,106,1,0.7414,POS,0
TXN912109,U0090,2024-01-08 22:25:42,2810.68,Retail,London,Wallet,DEV036,Pending,1812,391.0,38,0,0.12,Web,0
TXN653743,U0061,2024-01-08 11:13:41,3521.38,Utilities,Chicago,Wallet,DEV034,Failed,2187,743.9,89,1,0.4499,ATM,0
TXN000038,U0112,2024-01-03 12:12:43,23574.62,Entertainment,Houston,Debit Card,DEV028,Pending,935,730.9,225,0,0.7323,Web,1
TXN317065,U0055,2024-01-11 16:44:23,3401.49,Food,New York,Wallet,DEV025,Success,672,769.4,89,0,0.1546,Web,0
TXN465430,U0168,2024-01-22 09:02:03,2563.91,ATM,Chicago,Credit Card,DEV048,Pending,736,742.1,178,0,0.3011,Mobile,0
TXN910056,U0076,2024-01-17 22:45:43,3768.46,Food,Mumbai,UPI,DEV008,Success,1945,466.0,157,1,0.2916,Web,0
TXN734226,U0178,2024-01-23 20:25:13,4346.54,Travel,Los Angeles,UPI,DEV044,Success,967,496.7,149,0,0.5826,ATM,0
TXN926624,U0168,2024-01-28 01:06:33,2091.15,Entertainment,New York,Wallet,DEV008,Success,3229,487.1,55,1,0.2162,Web,0
TXN000094,U0074,2024-01-10 10:43:20,25093.62,Utilities,Houston,UPI,DEV016,Failed,1102,594.6,281,0,0.7528,ATM,1
TXN128714,U0136,2024-01-05 03:26:44,1829.59,Utilities,New York,Debit Card,DEV019,Success,506,655.3,46,1,0.7938,POS,0
TXN734911,U0048,2024-01-20 05:43:01,3105.02,Online,Paris,Wallet,DEV041,Pending,2470,480.6,92,0,0.7293,POS,0
TXN487681,U0064,2024-01-08 17:33:31,3265.5,Online,Chicago,UPI,DEV021,Failed,3594,737.7,198,1,0.3408,ATM,0
TXN796790,U0079,2024-01-27 19:42:39,2822.06,Online,Phoenix,UPI,DEV049,Success,2962,640.8,62,1,0.6707,Mobile,0
TXN909665,U0036,2024-01-12 08:33:11,2032.43,Food,Los Angeles,UPI,DEV034,Failed,432,303.6,12,1,0.7019,Mobile,0
TXN567794,U0019,2024-01-23 18:25:03,2304.12,Online,Paris,Debit Card,DEV038,Success,1876,587.5,25,0,0.6958,Web,0
TXN723158,U0124,2024-01-28 07:33:16,3939.29,Travel,Tokyo,Credit Card,DEV017,Pending,3345,336.9,168,1,0.4051,Mobile,0
TXN000093,U0093,2024-01-20 09:48:27,16295.93,Utilities,Paris,Credit Card,DEV034,Failed,1787,732.0,247,1,0.8294,Mobile,1
TXN843512,U0042,2024-01-15 12:49:04,3446.43,Utilities,Phoenix,Wallet,DEV050,Failed,3536,645.0,45,0,0.5789,ATM,0
TXN026870,U0168,2024-01-02 16:46:55,3267.19,Food,Paris,Debit Card,DEV003,Pending,3740,301.7,192,1,0.6445,Web,0
TXN095015,U0047,2024-01-23 10:02:46,3537.85,Retail,Mumbai,Credit Card,DEV046,Failed,808,405.9,76,1,0.4667,Mobile,0
TXN486138,U0154,2024-01-12 21:16:35,1440.03,ATM,Los Angeles,Credit Card,DEV001,Failed,3425,651.0,86,0,0.1337,Mobile,0
TXN302802,U0128,2024-01-02 00:55:38,3755.76,Entertainment,Mumbai,UPI,DEV012,Success,2457,347.3,69,0,0.642,Mobile,0
TXN410542,U0109,2024-01-06 06:16:03,2440.21,Travel,Tokyo,Credit Card,DEV018,Failed,756,547.9,85,1,0.1011,POS,0
TXN337115,U0032,2024-01-28 18:18:54,1879.28,Entertainment,Tokyo,Debit Card,DEV001,Pending,2337,799.1,74,0,0.4969,Mobile,0
TXN078758,U0167,2024-01-06 23:33:38,4255.55,Food,London,UPI,DEV012,Success,1466,788.1,143,1,0.4864,POS,0
TXN601825,U0022,2024-01-22 01:04:37,840.4,Retail,Tokyo,Wallet,DEV043,Pending,3902,679.7,96,1,0.1155,Mobile,0
TXN641575,U0001,2024-01-02 09:06:26,650.86,Utilities,New York,Debit Card,DEV001,Success,3701,472.3,15,0,0.4083,POS,0
TXN708600,U0093,2024-01-31 12:41:23,445.36,Food,Paris,UPI,DEV026,Pending,1051,842.3,173,0,0.2201,ATM,0
TXN941301,U0080,2024-01-19 03:39:52,2726.31,Travel,Houston,UPI,DEV012,Success,598,755.8,136,1,0.5286,Mobile,0
TXN000102,U0119,2024-01-06 06:44:36,20630.65,ATM,Paris,Wallet,DEV049,Failed,896,732.4,263,1,0.7923,Mobile,1
TXN797190,U0142,2024-01-04 10:28:21,515.82,Retail,New York,Net Banking,DEV028,Failed,3769,499.3,127,0,0.3457,Mobile,0
TXN046958,U0178,2024-01-06 17:18:06,4810.88,ATM,Mumbai,Wallet,DEV022,Pending,909,329.4,106,0,0.2196,Mobile,0
TXN000103,U0169,2024-01-29 16:01:38,39432.85,Utilities,London,Wallet,DEV012,Pending,1448,453.7,144,1,0.9892,ATM,1
TXN293468,U0147,2024-01-02 19:36:19,577.89,Online,London,Wallet,DEV018,Success,1778,469.5,41,0,0.5742,Mobile,0
TXN000012,U0106,2024-01-20 17:30:49,39281.77,Utilities,Phoenix,Credit Card,DEV043,Success,249,479.0,226,1,0.5849,Mobile,1
TXN760385,U0052,2024-01-14 22:58:45,3538.92,Travel,London,Wallet,DEV011,Pending,1252,787.7,186,0,0.3547,Mobile,0
TXN740428,U0068,2024-01-17 06:01:44,1691.39,ATM,New York,UPI,DEV046,Pending,2626,427.9,68,1,0.7746,Mobile,0
TXN825968,U0079,2024-01-26 12:13:46,1864.25,Retail,Houston,Net Banking,DEV049,Failed,267,666.6,134,0,0.1191,Web,0
TXN198978,U0056,2024-01-11 21:51:27,1167.17,ATM,New York,UPI,DEV017,Pending,1188,750.5,181,0,0.7176,Web,0
TXN135229,U0018,2024-01-25 20:25:07,2374.13,ATM,New York,Net Banking,DEV046,Pending,1966,818.1,144,0,0.6291,Mobile,0
TXN342674,U0088,2024-01-14 14:57:58,4247.57,ATM,Sydney,UPI,DEV044,Success,2397,401.7,17,0,0.1731,POS,0
TXN507586,U0103,2024-01-20 20:03:06,4932.8,Utilities,Paris,Net Banking,DEV048,Success,1612,686.9,113,0,0.4537,Mobile,0
TXN055256,U0095,2024-01-02 05:25:49,2320.2,Utilities,Chicago,Wallet,DEV048,Success,1933,502.8,190,1,0.4436,Mobile,0
TXN000148,U0145,2024-01-07 06:34:32,5075.77,ATM,Mumbai,Wallet,DEV025,Failed,393,540.7,251,0,0.7037,ATM,1
TXN286353,U0032,2024-01-27 12:44:42,4803.39,Online,Houston,Debit Card,DEV037,Pending,3134,309.9,84,1,0.1341,Mobile,0
TXN742630,U0197,2024-01-05 11:37:43,904.26,Utilities,Chicago,Wallet,DEV027,Success,171,399.9,172,0,0.1242,ATM,0
TXN086194,U0030,2024-01-21 09:12:22,4846.65,ATM,Houston,Credit Card,DEV015,Success,2632,417.3,160,1,0.4792,ATM,0
TXN154720,U0017,2024-01-02 10:17:25,113.26,Entertainment,Houston,Credit Card,DEV048,Failed,2739,816.9,122,1,0.1972,Mobile,0
TXN652701,U0011,2024-01-14 21:37:39,4557.31,Online,London,Credit Card,DEV001,Success,3811,808.7,101,1,0.7162,ATM,0
TXN039299,U0080,2024-01-27 03:31:27,3122.96,Utilities,Chicago,Credit Card,DEV012,Pending,3865,550.6,89,0,0.4175,POS,0
TXN246192,U0056,2024-01-18 03:14:06,3329.66,Entertainment,Chicago,Net Banking,DEV024,Pending,1436,787.9,164,0,0.6622,Web,0
TXN641829,U0060,2024-01-17 01:22:11,1828.91,Online,New York,Net Banking,DEV001,Failed,3916,617.1,103,1,0.6134,ATM,0
TXN831072,U0167,2024-01-29 22:00:18,3661.77,Utilities,Chicago,Net Banking,DEV017,Failed,2477,431.8,80,1,0.3546,POS,0
TXN000003,U0172,2024-01-05 06:19:05,5934.7,Utilities,Paris,Wallet,DEV008,Success,2296,762.1,449,0,0.5682,ATM,1
TXN735882,U0113,2024-01-05 20:43:26,4632.64,Entertainment,Sydney,Debit Card,DEV034,Pending,1341,494.5,103,0,0.24,Web,0
TXN455166,U0054,2024-01-23 08:17:37,455.26,Travel,Chicago,Net Banking,DEV025,Success,2313,669.8,68,1,0.7623,Mobile,0
TXN992121,U0190,2024-01-31 17:33:17,3869.14,Entertainment,London,Net Banking,DEV025,Failed,2930,745.4,65,0,0.6332,ATM,0
TXN389525,U0191,2024-01-28 09:37:59,3016.5,Utilities,London,Wallet,DEV024,Failed,472,764.6,70,0,0.1869,Web,0
TXN000034,U0029,2024-01-23 17:13:51,14540.55,ATM,Mumbai,Credit Card,DEV012,Pending,955,626.7,437,0,0.5407,Mobile,1
TXN240399,U0145,2024-01-02 09:57:43,1255.07,Retail,Tokyo,UPI,DEV048,Pending,3171,326.5,130,0,0.1923,Web,0
TXN000027,U0115,2024-01-24 08:50:22,42391.66,Entertainment,Phoenix,UPI,DEV045,Failed,2079,590.8,267,0,0.6366,ATM,1
TXN749975,U0184,2024-01-10 15:18:21,3404.37,Travel,Houston,Wallet,DEV020,Success,2593,442.6,169,0,0.7179,Web,0
TXN207631,U0140,2024-01-05 15:51:28,3675.41,Retail,Paris,Credit Card,DEV024,Failed,1526,437.9,99,1,0.2823,Web,0
TXN512145,U0030,2024-01-16 10:43:10,1706.48,Travel,New York,Credit Card,DEV023,Pending,2839,791.3,169,0,0.5326,POS,0
TXN000152,U0066,2024-01-12 12:18:17,8490.23,Entertainment,Phoenix,Debit Card,DEV047,Failed,3049,769.1,335,0,0.986,Mobile,1
TXN420711,U0161,2024-01-11 23:37:39,2781.22,Travel,New York,Net Banking,DEV003,Success,598,510.1,33,0,0.5891,ATM,0
TXN773639,U0179,2024-01-30 13:56:35,954.84,ATM,Phoenix,Credit Card,DEV038,Pending,1081,717.3,32,1,0.7061,POS,0
TXN000071,U0033,2024-01-21 00:44:49,35568.96,Retail,New York,Net Banking,DEV003,Success,1853,428.8,166,1,0.6176,Mobile,1
TXN369989,U0167,2024-01-26 09:35:40,124.9,ATM,Chicago,UPI,DEV024,Failed,2679,441.4,31,1,0.1007,POS,0
TXN823987,U0064,2024-01-07 05:52:01,3415.68,Utilities,London,Wallet,DEV003,Failed,523,353.1,27,0,0.1717,ATM,0
TXN131138,U0181,2024-01-27 22:26:24,2958.74,Food,Phoenix,Net Banking,DEV015,Success,2831,414.2,12,1,0.7664,ATM,0
TXN711871,U0085,2024-01-12 07:58:16,1899.88,Utilities,Los Angeles,Wallet,DEV017,Failed,1619,334.4,18,0,0.6332,POS,0
TXN137780,U0039,2024-01-20 21:11:38,4287.13,ATM,London,Credit Card,DEV012,Failed,2795,336.5,185,0,0.1248,ATM,0
TXN014380,U0190,2024-01-17 04:15:06,2983.94,Online,Tokyo,Credit Card,DEV047,Pending,3498,829.2,46,0,0.6309,ATM,0
TXN584362,U0161,2024-01-31 15:44:34,1406.61,Entertainment,Mumbai,Net Banking,DEV042,Pending,893,411.9,13,1,0.7912,Web,0
TXN872831,U0088,2024-01-17 07:01:19,3380.73,Utilities,Tokyo,Net Banking,DEV042,Failed,1899,563.1,64,0,0.6681,POS,0
TXN687841,U0093,2024-01-20 22:24:03,2726.54,Travel,New York,UPI,DEV027,Failed,1185,689.0,183,1,0.2215,POS,0
TXN271691,U0142,2024-01-13 16:00:27,1961.47,Food,Phoenix,Debit Card,DEV019,Failed,3795,581.5,129,0,0.4234,Mobile,0
TXN588751,U0094,2024-01-02 20:31:08,1746.74,Online,Chicago,Debit Card,DEV039,Success,3810,613.3,157,0,0.3715,Mobile,0
TXN051944,U0195,2024-01-20 04:59:21,2532.65,Retail,London,UPI,DEV048,Success,1960,354.3,111,0,0.2311,ATM,0
TXN768215,U0143,2024-01-23 21:24:57,2391.09,ATM,Los Angeles,Debit Card,DEV049,Failed,743,536.2,67,0,0.4298,ATM,0
TXN468887,U0138,2024-01-16 00:15:19,3489.84,Online,Los Angeles,UPI,DEV006,Pending,1483,348.9,71,0,0.648,ATM,0
TXN501312,U0154,2024-01-12 06:39:44,4975.45,Travel,Phoenix,Wallet,DEV038,Pending,3318,663.7,140,0,0.3503,ATM,0
TXN238500,U0088,2024-01-14 21:31:38,772.6,Utilities,Phoenix,Debit Card,DEV029,Success,1135,494.0,147,1,0.207,Web,0
TXN210865,U0195,2024-01-12 02:12:43,1004.9,Retail,Mumbai,UPI,DEV010,Failed,1897,783.3,168,1,0.6165,Mobile,0
TXN000014,U0131,2024-01-08 23:50:50,30562.21,Food,Chicago,Credit Card,DEV035,Pending,3125,556.2,138,1,0.6357,Web,1
TXN763133,U0103,2024-01-09 06:31:32,2386.65,Retail,New York,Wallet,DEV049,Failed,1510,513.2,21,1,0.5093,ATM,0
TXN290952,U0185,2024-01-31 18:39:52,4148.21,Retail,Chicago,UPI,DEV003,Failed,3932,634.0,119,1,0.772,POS,0
TXN918596,U0169,2024-01-19 21:56:06,734.71,Online,Mumbai,UPI,DEV043,Success,2137,592.2,54,1,0.2732,Web,0
TXN136000,U0159,2024-01-01 06:39:20,1139.49,Food,Chicago,Net Banking,DEV039,Failed,267,367.8,81,0,0.6511,ATM,0
TXN933761,U0013,2024-01-27 03:58:41,3497.96,Food,London,Wallet,DEV036,Failed,3218,849.8,112,1,0.1221,Mobile,0
TXN570779,U0084,2024-01-05 07:31:56,3570.23,Food,London,Credit Card,DEV006,Success,3389,628.0,122,0,0.5455,Web,0
TXN247456,U0198,2024-01-08 18:57:16,1798.62,Online,New York,Wallet,DEV037,Failed,1426,615.4,113,0,0.385,POS,0
TXN537006,U0107,2024-01-11 09:41:42,3416.78,Utilities,New York,Wallet,DEV037,Success,163,496.2,76,0,0.4183,POS,0
TXN819949,U0134,2024-01-06 01:58:15,1974.71,Travel,Los Angeles,Credit Card,DEV028,Success,206,414.0,90,0,0.2169,Web,0
TXN536839,U0164,2024-01-29 10:00:10,3121.73,ATM,London,UPI,DEV048,Failed,3235,565.6,22,0,0.6861,Web,0
TXN591904,U0144,2024-01-26 17:51:56,209.13,Utilities,Tokyo,Debit Card,DEV033,Success,1288,489.6,20,1,0.1664,ATM,0
TXN854236,U0053,2024-01-06 18:52:31,2537.72,ATM,London,Debit Card,DEV013,Failed,3393,759.4,15,0,0.4625,POS,0
TXN422868,U0019,2024-01-09 21:02:25,3780.36,Entertainment,Tokyo,Credit Card,DEV039,Success,3311,583.2,156,0,0.7392,Web,0
TXN395479,U0098,2024-01-23 02:09:39,4855.04,Online,Houston,Credit Card,DEV013,Failed,1759,524.9,61,0,0.7162,ATM,0
TXN551237,U0071,2024-01-28 03:55:27,857.73,Entertainment,Houston,Wallet,DEV046,Pending,655,475.3,127,1,0.2724,Web,0
TXN041158,U0109,2024-01-08 11:13:30,1200.76,Travel,Los Angeles,Debit Card,DEV045,Pending,3034,578.5,160,1,0.7666,ATM,0
TXN455736,U0160,2024-01-27 04:52:32,4754.08,Retail,Sydney,Wallet,DEV001,Pending,3425,672.9,175,0,0.1845,ATM,0
TXN659208,U0115,2024-01-27 19:15:24,4889.43,Travel,Phoenix,Wallet,DEV043,Failed,348,613.6,83,1,0.4225,Web,0
TXN057307,U0189,2024-01-15 07:35:39,95.28,Food,Mumbai,Wallet,DEV030,Failed,3057,632.6,91,0,0.545,Web,0
TXN959865,U0059,2024-01-02 12:52:20,1485.21,ATM,Phoenix,Wallet,DEV009,Failed,2731,532.4,78,0,0.1294,Web,0
TXN628866,U0031,2024-01-24 18:15:04,3974.11,Entertainment,Sydney,Credit Card,DEV026,Pending,1887,757.7,163,0,0.1038,Web,0
TXN884535,U0048,2024-01-19 05:58:14,536.92,Utilities,Tokyo,Debit Card,DEV028,Pending,3271,708.1,56,1,0.5389,ATM,0
TXN963985,U0147,2024-01-05 22:39:00,4586.99,Travel,Phoenix,Net Banking,DEV031,Success,1318,495.1,132,0,0.7396,Web,0
TXN000111,U0151,2024-01-10 03:41:02,16454.28,Utilities,New York,Net Banking,DEV019,Failed,1669,370.0,64,1,0.607,POS,1
TXN235396,U0126,2024-01-01 02:27:51,4721.25,Entertainment,Phoenix,Debit Card,DEV025,Success,1793,629.7,62,1,0.2067,Web,0
TXN724330,U0154,2024-01-12 10:05:57,3959.3,Utilities,Houston,Wallet,DEV048,Failed,3336,470.8,106,1,0.305,Web,0
TXN170004,U0097,2024-01-27 02:42:48,4267.71,Entertainment,Paris,Debit Card,DEV020,Failed,239,673.0,57,1,0.6718,Web,0
TXN473611,U0111,2024-01-04 05:35:02,536.88,Travel,Los Angeles,UPI,DEV022,Success,3590,663.8,32,1,0.4142,ATM,0
TXN093116,U0040,2024-01-04 05:18:00,2254.27,Utilities,Los Angeles,Debit Card,DEV003,Failed,2260,396.5,112,0,0.497,ATM,0
TXN046354,U0095,2024-01-01 13:16:19,2816.3,Online,New York,Wallet,DEV016,Pending,2132,657.9,65,0,0.7495,Mobile,0
TXN191561,U0053,2024-01-25 21:12:14,444.58,Entertainment,Paris,Net Banking,DEV049,Pending,1635,798.2,176,1,0.5032,ATM,0
TXN451956,U0133,2024-01-08 06:15:27,4939.55,Food,New York,UPI,DEV033,Pending,2679,327.5,146,0,0.7637,Web,0
TXN490005,U0161,2024-01-01 00:53:27,2285.98,Utilities,Paris,Wallet,DEV046,Failed,2285,456.8,29,0,0.1195,ATM,0
TXN148713,U0081,2024-01-01 09:55:39,1012.76,Travel,Tokyo,Wallet,DEV004,Success,2894,383.7,38,0,0.5365,Web,0
TXN328957,U0049,2024-01-07 05:01:50,1293.79,Food,Chicago,Wallet,DEV047,Success,2841,380.5,97,1,0.4808,Web,0
TXN800867,U0140,2024-01-17 19:11:13,1968.52,Utilities,Sydney,Net Banking,DEV038,Failed,2613,547.1,169,0,0.6775,Mobile,0
TXN957798,U0192,2024-01-25 11:15:49,4996.83,Travel,New York,Wallet,DEV022,Failed,571,584.7,35,1,0.3823,ATM,0
TXN101997,U0115,2024-01-08 06:00:29,3370.87,Entertainment,Houston,Debit Card,DEV034,Failed,3137,438.4,93,0,0.7996,ATM,0
TXN141924,U0039,2024-01-08 20:20:42,1232.78,Travel,Mumbai,Wallet,DEV046,Failed,758,699.8,104,0,0.1184,Mobile,0
TXN258319,U0038,2024-01-04 00:09:35,1542.82,Food,Chicago,Debit Card,DEV017,Failed,3395,649.5,125,1,0.3136,Web,0
TXN666680,U0091,2024-01-01 20:10:44,2578.18,Food,Tokyo,UPI,DEV017,Success,373,776.6,126,0,0.1659,Web,0
TXN781978,U0096,2024-01-14 22:32:29,699.55,ATM,Mumbai,UPI,DEV036,Pending,1351,393.1,170,0,0.1439,POS,0
TXN000062,U0158,2024-01-30 01:13:39,17844.77,Entertainment,Paris,Wallet,DEV010,Success,348,827.4,450,1,0.5732,POS,1
TXN846671,U0110,2024-01-19 02:41:13,2433.94,Utilities,London,Net Banking,DEV048,Failed,1678,344.8,63,0,0.7451,Mobile,0
TXN440655,U0016,2024-01-23 07:09:45,482.49,ATM,Phoenix,UPI,DEV015,Success,3320,471.8,170,0,0.7611,POS,0
TXN000035,U0164,2024-01-31 02:26:15,24978.52,Online,Phoenix,Wallet,DEV007,Pending,792,630.0,131,1,0.8272,Web,1
TXN466904,U0042,2024-01-03 12:00:33,486.01,Retail,Mumbai,Credit Card,DEV036,Pending,3889,560.7,197,0,0.6655,Mobile,0
TXN851979,U0131,2024-01-24 11:38:05,1212.43,Travel,Paris,UPI,DEV011,Pending,544,476.4,117,0,0.1479,Web,0
TXN370987,U0196,2024-01-25 07:58:07,4327.33,ATM,Paris,Wallet,DEV041,Failed,2036,406.6,10,1,0.3762,Web,0
TXN390644,U0167,2024-01-08 23:13:29,893.14,ATM,Mumbai,Debit Card,DEV033,Success,2452,474.9,176,1,0.6422,POS,0
TXN038044,U0024,2024-01-10 20:37:05,4798.58,Online,Sydney,Credit Card,DEV017,Pending,2274,507.9,184,1,0.4353,Mobile,0
TXN887548,U0137,2024-01-01 07:03:22,1554.53,Online,London,Wallet,DEV021,Failed,556,435.2,151,1,0.3351,Web,0
TXN616314,U0020,2024-01-25 08:57:14,971.5,Entertainment,Chicago,Net Banking,DEV025,Pending,2064,665.6,147,0,0.3005,ATM,0
TXN000061,U0017,2024-01-21 02:04:37,24352.31,Retail,New York,Debit Card,DEV048,Pending,3558,635.9,236,0,0.5246,Mobile,1
TXN988920,U0041,2024-01-27 07:18:49,4899.44,Travel,Tokyo,Wallet,DEV037,Failed,2729,325.2,142,0,0.456,Mobile,0
TXN045400,U0199,2024-01-09 17:44:09,3128.24,Food,New York,UPI,DEV007,Failed,1683,446.2,194,1,0.4471,POS,0
TXN916301,U0042,2024-01-02 13:11:44,2733.87,Food,Phoenix,Wallet,DEV042,Failed,920,301.3,119,1,0.1709,Web,0
TXN422901,U0166,2024-01-13 13:42:39,2777.03,Entertainment,Houston,UPI,DEV018,Success,481,364.4,146,1,0.2764,POS,0
TXN395730,U0148,2024-01-25 19:31:51,3377.17,Food,Paris,Credit Card,DEV010,Failed,1572,831.2,164,1,0.2383,Mobile,0
TXN762973,U0150,2024-01-09 01:20:24,4893.46,Entertainment,London,Debit Card,DEV029,Pending,594,790.4,68,1,0.2805,ATM,0
TXN392519,U0041,2024-01-06 05:53:28,3822.71,Retail,Mumbai,Debit Card,DEV033,Pending,2843,565.8,12,1,0.329,Web,0
TXN916934,U0015,2024-01-22 11:02:55,3086.57,Online,Phoenix,Wallet,DEV006,Success,324,397.4,88,0,0.7478,Mobile,0
TXN968613,U0042,2024-01-11 05:12:39,842.48,Retail,Mumbai,UPI,DEV019,Pending,1416,595.8,172,0,0.3029,Web,0
TXN846066,U0125,2024-01-25 05:13:27,1232.93,Online,Chicago,Wallet,DEV010,Success,2183,643.1,83,1,0.6438,ATM,0
TXN236179,U0084,2024-01-28 23:40:04,3397.91,Travel,Chicago,Debit Card,DEV009,Pending,1951,512.8,63,0,0.1946,Web,0
TXN000078,U0001,2024-01-18 13:23:38,47620.47,Entertainment,Tokyo,Credit Card,DEV014,Failed,1281,516.7,398,1,0.9555,POS,1
TXN731061,U0012,2024-01-22 15:45:23,4212.44,Entertainment,Tokyo,UPI,DEV012,Pending,3395,434.9,38,0,0.1786,POS,0
TXN000080,U0102,2024-01-07 15:10:39,17545.34,Entertainment,Chicago,Credit Card,DEV028,Pending,2659,788.8,184,1,0.9259,Mobile,1
TXN269791,U0016,2024-01-15 17:41:11,4703.52,Entertainment,Houston,Credit Card,DEV006,Success,518,514.8,130,1,0.664,Mobile,0
TXN637395,U0131,2024-01-29 20:21:49,336.34,Online,Paris,UPI,DEV013,Pending,1439,480.7,148,0,0.6945,Web,0
TXN798098,U0002,2024-01-26 22:10:33,538.75,Online,Paris,Debit Card,DEV012,Pending,2906,452.8,153,1,0.2439,Mobile,0
TXN264996,U0057,2024-01-21 19:08:44,1915.87,Retail,Houston,Net Banking,DEV040,Pending,1309,760.6,39,0,0.21,Web,0
TXN526620,U0194,2024-01-10 09:43:38,2924.93,Utilities,Sydney,Wallet,DEV034,Pending,2745,353.8,83,0,0.4885,POS,0
TXN148261,U0191,2024-01-27 19:23:22,109.84,Retail,Mumbai,UPI,DEV004,Pending,2393,317.2,18,0,0.761,ATM,0
TXN441970,U0001,2024-01-07 11:44:20,763.68,ATM,New York,UPI,DEV048,Success,1620,325.8,71,0,0.1373,ATM,0
TXN288991,U0153,2024-01-30 19:49:25,4067.13,Retail,Chicago,UPI,DEV005,Success,115,688.9,73,0,0.5672,Web,0
TXN069834,U0044,2024-01-27 04:00:40,1746.97,Retail,New York,Wallet,DEV007,Success,555,812.3,55,0,0.4436,POS,0
TXN935467,U0153,2024-01-05 15:33:45,2592.75,ATM,London,Debit Card,DEV025,Success,1169,530.1,12,1,0.6399,POS,0
TXN668536,U0070,2024-01-21 10:45:16,3766.65,Food,Phoenix,Wallet,DEV017,Failed,3251,612.5,151,0,0.1723,Web,0
TXN929173,U0191,2024-01-14 20:14:18,4177.03,ATM,Mumbai,Net Banking,DEV011,Pending,1398,760.2,144,1,0.7091,POS,0
TXN000008,U0052,2024-01-22 11:22:36,33630.42,Utilities,Sydney,UPI,DEV041,Pending,3659,497.1,116,0,0.7221,Mobile,1
TXN882680,U0152,2024-01-01 11:49:41,4751.94,Retail,Los Angeles,Debit Card,DEV011,Success,1881,391.0,171,0,0.3094,Web,0
TXN534663,U0015,2024-01-28 11:30:11,841.14,Travel,New York,Wallet,DEV035,Pending,2469,739.8,74,1,0.2616,Web,0
TXN368338,U0199,2024-01-25 00:06:28,1220.63,Retail,Sydney,UPI,DEV045,Failed,2654,421.7,60,0,0.3307,Mobile,0
TXN000136,U0113,2024-01-07 18:27:33,41554.44,Food,Houston,Credit Card,DEV027,Success,334,632.2,363,0,0.7498,ATM,1
TXN142774,U0057,2024-01-07 14:35:39,2033.75,Entertainment,Paris,UPI,DEV048,Pending,2597,495.4,107,0,0.1347,Mobile,0
TXN781862,U0164,2024-01-01 18:29:16,2714.33,ATM,Mumbai,UPI,DEV009,Failed,2998,760.8,114,0,0.1185,POS,0
TXN089064,U0126,2024-01-31 09:23:41,3773.4,Travel,New York,Credit Card,DEV017,Success,562,439.5,51,0,0.3827,Mobile,0
TXN582162,U0135,2024-01-05 11:44:04,1732.34,Retail,Chicago,Wallet,DEV050,Pending,581,531.0,194,0,0.4155,Web,0
TXN466678,U0094,2024-01-07 21:51:38,1833.18,Entertainment,Phoenix,UPI,DEV031,Success,1584,781.6,30,0,0.1818,Mobile,0
TXN332652,U0023,2024-01-17 07:20:40,301.2,Food,Houston,Net Banking,DEV034,Success,2992,548.9,82,1,0.1648,Mobile,0
TXN495049,U0011,2024-01-31 13:18:34,4493.59,Retail,Phoenix,Wallet,DEV005,Failed,752,326.0,66,0,0.5157,POS,0
TXN000046,U0109,2024-01-20 13:43:00,42164.68,Food,Paris,Credit Card,DEV032,Failed,2969,343.0,385,0,0.6787,ATM,1
TXN633569,U0056,2024-01-24 07:52:47,808.3,Online,Mumbai,Credit Card,DEV044,Failed,1517,324.8,32,0,0.4581,ATM,0
TXN563693,U0198,2024-01-16 23:12:19,894.44,Entertainment,Sydney,Debit Card,DEV021,Failed,3967,677.9,152,1,0.2008,ATM,0
TXN785167,U0049,2024-01-02 12:31:39,277.06,ATM,Houston,UPI,DEV044,Pending,1019,320.7,96,1,0.5164,Web,0
TXN182542,U0090,2024-01-31 15:34:07,1434.16,ATM,Paris,Credit Card,DEV034,Failed,1787,561.2,188,0,0.638,Web,0
TXN552300,U0104,2024-01-18 03:51:54,2893.44,ATM,Chicago,Wallet,DEV027,Success,3532,605.4,97,0,0.7117,Web,0
TXN377641,U0111,2024-01-18 03:14:16,2078.29,Travel,Sydney,Credit Card,DEV029,Pending,3255,588.9,142,1,0.2366,POS,0
TXN756676,U0004,2024-01-26 22:22:36,1949.02,Utilities,Tokyo,Debit Card,DEV035,Failed,1200,594.7,78,1,0.282,Web,0
TXN963374,U0010,2024-01-23 06:58:46,4162.46,Entertainment,Phoenix,Net Banking,DEV001,Success,514,787.0,47,1,0.409,Mobile,0
TXN763367,U0186,2024-01-24 05:10:29,726.73,Entertainment,Sydney,Wallet,DEV017,Failed,1073,339.7,66,1,0.4397,Mobile,0
TXN021280,U0161,2024-01-05 11:28:43,3628.83,Online,Tokyo,Wallet,DEV007,Pending,3957,745.0,174,0,0.4115,Web,0
TXN541838,U0140,2024-01-28 09:11:32,1175.51,Retail,Phoenix,Net Banking,DEV024,Failed,2577,575.6,177,1,0.2995,Mobile,0
TXN227135,U0144,2024-01-20 01:30:46,3747.06,Utilities,Paris,Credit Card,DEV041,Pending,1923,653.7,190,1,0.2464,POS,0
TXN731457,U0165,2024-01-05 08:26:58,3156.64,Online,London,Wallet,DEV001,Pending,2974,469.6,50,1,0.2556,POS,0
TXN199104,U0080,2024-01-22 05:08:58,1602.85,Utilities,Houston,Net Banking,DEV013,Failed,3129,727.0,32,1,0.4791,ATM,0
TXN564922,U0181,2024-01-18 02:10:19,411.97,Food,London,UPI,DEV024,Failed,2096,647.0,116,1,0.3878,Mobile,0
TXN514003,U0185,2024-01-13 16:36:48,3496.84,Food,Chicago,Wallet,DEV005,Pending,586,609.9,21,0,0.64,Web,0
TXN229353,U0018,2024-01-13 14:55:55,2945.42,Retail,Phoenix,Wallet,DEV043,Success,3824,420.1,160,1,0.1229,Web,0
TXN139274,U0007,2024-01-02 02:11:42,3216.2,Food,New York,UPI,DEV039,Failed,3487,306.1,174,1,0.2467,POS,0
TXN944595,U0090,2024-01-03 21:55:35,4181.9,Utilities,London,Credit Card,DEV013,Success,3980,357.4,57,0,0.3711,Web,0
TXN000051,U0177,2024-01-11 21:07:09,15119.98,Travel,Mumbai,UPI,DEV003,Success,3490,634.1,120,1,0.6826,Web,1
TXN732394,U0107,2024-01-04 10:31:53,4882.63,Food,Mumbai,Credit Card,DEV029,Failed,3990,601.2,131,0,0.379,POS,0
TXN070541,U0167,2024-01-18 11:39:00,3318.67,Retail,Tokyo,Net Banking,DEV013,Pending,710,702.6,24,0,0.4701,Web,0
TXN404014,U0024,2024-01-26 19:12:38,4072.74,Retail,Phoenix,Credit Card,DEV015,Success,973,803.5,82,1,0.7116,Web,0
TXN171954,U0103,2024-01-21 01:39:02,196.32,Travel,New York,Net Banking,DEV043,Pending,2845,532.0,79,0,0.2755,Mobile,0
TXN443051,U0010,2024-01-06 13:39:21,4630.23,Online,Paris,UPI,DEV020,Pending,3844,688.9,28,1,0.4061,POS,0
TXN422527,U0094,2024-01-28 05:34:19,1679.47,Entertainment,Mumbai,Credit Card,DEV011,Failed,2520,394.3,119,1,0.5584,Mobile,0
TXN501301,U0036,2024-01-26 06:40:13,1489.23,Food,Houston,Debit Card,DEV013,Success,2624,638.5,23,0,0.7016,Web,0
TXN056322,U0026,2024-01-27 05:21:22,1659.26,Online,Chicago,Debit Card,DEV030,Failed,2955,797.4,31,1,0.1577,Mobile,0
TXN389802,U0110,2024-01-08 15:06:23,3604.45,Food,Phoenix,Wallet,DEV029,Success,3035,399.6,92,0,0.5008,ATM,0
TXN767501,U0133,2024-01-20 20:35:02,98.09,Food,Sydney,UPI,DEV044,Failed,2516,797.4,55,1,0.2305,POS,0
TXN319637,U0060,2024-01-20 04:46:27,3714.99,Retail,Tokyo,Net Banking,DEV003,Success,1637,808.2,63,0,0.3116,POS,0
TXN172754,U0062,2024-01-18 16:18:58,1301.11,Online,Paris,Debit Card,DEV028,Pending,2798,400.3,77,1,0.29,Web,0
TXN675331,U0016,2024-01-31 03:42:42,1923.84,Retail,London,Net Banking,DEV040,Success,2122,593.1,66,0,0.249,Mobile,0
TXN898860,U0157,2024-01-01 16:08:18,179.37,Food,Mumbai,Net Banking,DEV014,Success,1990,372.7,193,0,0.5987,Mobile,0
TXN764648,U0192,2024-01-31 21:05:16,1242.09,Online,London,UPI,DEV024,Success,3334,468.7,181,1,0.3867,Mobile,0
TXN382672,U0155,2024-01-04 19:46:54,3179.88,ATM,Mumbai,Credit Card,DEV015,Success,2606,618.5,149,0,0.3305,POS,0
TXN553992,U0186,2024-01-08 01:10:13,121.39,Travel,Tokyo,UPI,DEV002,Pending,1154,647.9,183,1,0.1859,ATM,0
TXN000060,U0115,2024-01-06 23:47:14,5101.0,ATM,Sydney,Wallet,DEV024,Pending,564,440.6,89,1,0.9423,ATM,1
TXN854944,U0016,2024-01-01 20:15:45,1622.21,ATM,Mumbai,Wallet,DEV008,Success,1771,437.8,61,0,0.7683,Mobile,0
TXN064556,U0023,2024-01-11 21:54:04,569.18,Food,Mumbai,Net Banking,DEV043,Failed,971,354.3,43,1,0.4451,POS,0
TXN592732,U0128,2024-01-11 07:41:19,3431.52,Entertainment,Los Angeles,Credit Card,DEV021,Pending,1280,673.5,170,1,0.2882,POS,0
TXN671684,U0006,2024-01-09 06:08:10,4735.2,Utilities,Chicago,Net Banking,DEV044,Failed,2382,616.2,200,0,0.7588,Web,0
TXN646543,U0080,2024-01-31 11:19:57,1396.93,Retail,Tokyo,Credit Card,DEV006,Pending,518,460.0,98,0,0.7997,Mobile,0
TXN546198,U0041,2024-01-14 07:09:41,1915.73,ATM,Chicago,Credit Card,DEV024,Success,348,605.7,103,0,0.6206,ATM,0
TXN815606,U0088,2024-01-18 06:48:17,4822.59,Food,Los Angeles,Credit Card,DEV042,Pending,3621,312.9,195,1,0.7583,POS,0
TXN000022,U0171,2024-01-12 06:28:48,34697.68,Online,Houston,Debit Card,DEV032,Success,1917,521.2,486,1,0.7948,Mobile,1
TXN677019,U0134,2024-01-19 03:56:44,671.89,Travel,Mumbai,Net Banking,DEV028,Success,3152,648.1,190,1,0.7324,Web,0
TXN320249,U0003,2024-01-09 10:12:37,2037.13,Retail,Paris,UPI,DEV018,Pending,2121,689.6,37,1,0.6065,ATM,0
TXN423575,U0043,2024-01-09 21:15:33,4647.71,Food,Los Angeles,Wallet,DEV028,Success,809,610.6,55,0,0.2129,Mobile,0
TXN713036,U0018,2024-01-23 22:27:59,1057.27,Travel,New York,Net Banking,DEV050,Failed,780,785.4,181,0,0.7017,Web,0
TXN165391,U0045,2024-01-23 20:38:46,2332.92,Online,London,Credit Card,DEV017,Failed,1054,490.5,191,1,0.2602,ATM,0
TXN208211,U0103,2024-01-04 17:33:34,3735.67,Entertainment,New York,UPI,DEV047,Pending,2631,683.9,162,0,0.2066,ATM,0
TXN507371,U0101,2024-01-14 03:41:50,168.42,Travel,Sydney,UPI,DEV026,Pending,3980,432.7,192,0,0.4845,ATM,0
TXN000074,U0108,2024-01-05 23:56:43,23490.2,Entertainment,Paris,Debit Card,DEV043,Failed,1062,579.3,120,1,0.7929,Mobile,1
TXN655704,U0173,2024-01-12 19:23:34,2302.21,Food,Sydney,Net Banking,DEV032,Failed,1908,669.3,64,1,0.3582,Web,0
TXN893577,U0044,2024-01-20 15:37:15,4512.5,Food,Chicago,Credit Card,DEV036,Pending,2262,443.2,157,0,0.3708,Web,0
TXN000104,U0075,2024-01-05 11:08:38,47917.86,Online,Sydney,Credit Card,DEV025,Success,1618,574.0,51,1,0.7849,Web,1
TXN203030,U0020,2024-01-09 08:34:33,89.83,Utilities,Chicago,UPI,DEV035,Pending,3542,513.2,70,0,0.4893,Web,0
TXN721529,U0151,2024-01-28 12:59:00,3432.16,Retail,Paris,Net Banking,DEV047,Failed,2178,418.0,11,1,0.5556,Web,0
TXN819968,U0103,2024-01-14 06:33:31,745.39,ATM,Sydney,Credit Card,DEV028,Pending,2964,843.4,127,0,0.1436,POS,0
TXN000106,U0172,2024-01-14 20:41:01,21848.72,Online,Chicago,UPI,DEV013,Failed,2898,332.1,100,1,0.6947,Mobile,1
TXN407249,U0170,2024-01-01 20:15:36,1730.96,Food,New York,Wallet,DEV024,Failed,2776,717.8,173,1,0.4335,Web,0
TXN000033,U0029,2024-01-09 06:15:16,24163.29,Food,London,Credit Card,DEV027,Pending,3079,664.1,193,1,0.9689,Mobile,1
TXN570194,U0079,2024-01-15 08:05:12,3119.19,ATM,London,Credit Card,DEV047,Pending,1250,577.3,160,0,0.4921,POS,0
TXN043161,U0023,2024-01-16 05:45:50,3415.3,Travel,Mumbai,Debit Card,DEV048,Success,2128,468.0,18,1,0.2851,POS,0
TXN604143,U0051,2024-01-03 07:39:05,4101.62,Food,Houston,Wallet,DEV015,Failed,779,406.5,90,1,0.4983,Web,0
TXN518083,U0119,2024-01-15 05:38:43,4718.47,Food,Mumbai,UPI,DEV014,Failed,1309,659.2,69,0,0.7349,Web,0
TXN407114,U0066,2024-01-22 03:19:07,3615.34,Online,Houston,UPI,DEV006,Success,1682,807.0,182,1,0.3403,POS,0
TXN120590,U0078,2024-01-17 10:46:19,1287.32,Retail,Mumbai,Wallet,DEV005,Failed,3236,674.6,76,1,0.4923,POS,0
TXN411138,U0150,2024-01-19 05:59:16,3552.89,Travel,Sydney,UPI,DEV026,Success,2754,498.7,98,1,0.225,ATM,0
TXN045273,U0130,2024-01-27 19:14:12,4528.69,Online,London,Net Banking,DEV043,Failed,3344,330.6,82,0,0.5678,Web,0
TXN731612,U0116,2024-01-20 20:22:32,4909.02,Online,Phoenix,Wallet,DEV050,Pending,1594,378.1,49,1,0.3295,Web,0
TXN607150,U0139,2024-01-14 12:15:32,1000.35,Utilities,New York,Credit Card,DEV045,Success,3871,539.9,180,0,0.6055,Web,0
TXN475228,U0200,2024-01-11 05:00:32,2859.77,Retail,London,Wallet,DEV025,Pending,2600,421.4,162,0,0.2209,ATM,0
TXN243213,U0055,2024-01-04 09:00:26,4510.0,Entertainment,Chicago,Credit Card,DEV006,Success,369,699.9,33,1,0.5962,ATM,0
TXN148644,U0163,2024-01-03 13:16:58,4218.27,Food,Tokyo,Net Banking,DEV041,Pending,2301,746.0,17,0,0.4501,Web,0
TXN679606,U0152,2024-01-14 11:15:38,3652.81,Entertainment,Phoenix,Net Banking,DEV050,Success,3224,329.0,46,0,0.6174,Mobile,0
TXN048659,U0108,2024-01-04 12:30:11,4825.9,ATM,New York,Wallet,DEV049,Pending,1144,804.1,128,1,0.2351,Web,0
TXN795254,U0172,2024-01-19 07:24:26,2580.84,Entertainment,Sydney,Debit Card,DEV013,Success,3427,604.6,82,1,0.6981,POS,0
TXN733447,U0100,2024-01-07 11:38:15,3203.1,Retail,Houston,Net Banking,DEV033,Success,2504,699.6,166,1,0.7306,ATM,0
TXN343563,U0127,2024-01-19 11:33:28,2466.92,Entertainment,Los Angeles,Wallet,DEV022,Failed,1819,393.9,173,1,0.7927,Web,0
TXN658863,U0097,2024-01-01 18:50:59,1720.35,Online,Houston,Net Banking,DEV013,Success,1012,715.5,73,0,0.3827,POS,0
TXN523424,U0168,2024-01-19 10:06:30,3778.58,Retail,Paris,UPI,DEV039,Pending,254,370.8,159,0,0.7756,ATM,0
TXN496266,U0149,2024-01-07 06:38:45,3989.56,Retail,Houston,Net Banking,DEV005,Success,1396,371.9,166,1,0.7321,Web,0
TXN903231,U0019,2024-01-13 00:24:16,655.89,Online,Tokyo,UPI,DEV015,Success,1184,743.5,124,1,0.4789,Web,0
TXN482359,U0018,2024-01-06 09:48:28,1393.41,Food,Phoenix,UPI,DEV022,Pending,2071,577.1,18,1,0.3143,Mobile,0
TXN699490,U0195,2024-01-07 19:40:25,4995.29,Retail,Tokyo,Wallet,DEV012,Success,648,735.8,102,0,0.7503,Mobile,0
TXN303422,U0165,2024-01-17 08:15:29,286.68,Travel,Tokyo,Credit Card,DEV043,Failed,1035,843.8,40,1,0.1588,Web,0
TXN524650,U0194,2024-01-19 12:10:49,67.35,Retail,Paris,Debit Card,DEV046,Failed,3364,482.2,26,0,0.5277,Web,0
TXN153914,U0027,2024-01-05 21:44:42,2740.27,Online,Mumbai,Debit Card,DEV021,Pending,2551,432.8,19,0,0.395,Web,0
TXN817579,U0001,2024-01-15 09:21:56,3071.56,Utilities,Phoenix,Wallet,DEV032,Pending,2983,642.2,104,0,0.6087,Mobile,0
TXN355446,U0055,2024-01-19 16:27:52,3138.61,Utilities,Paris,Wallet,DEV037,Pending,2289,331.3,155,0,0.522,ATM,0
TXN484208,U0049,2024-01-05 09:39:51,1015.06,Entertainment,Mumbai,Net Banking,DEV003,Success,1478,721.6,94,0,0.1625,Mobile,0
TXN277599,U0197,2024-01-05 10:19:45,2667.86,Travel,Sydney,Net Banking,DEV006,Success,1946,754.6,187,0,0.2045,POS,0
TXN281794,U0075,2024-01-19 03:13:07,4797.19,Entertainment,Tokyo,Debit Card,DEV049,Pending,1517,602.9,148,0,0.4577,POS,0
TXN674654,U0064,2024-01-26 17:33:58,2767.95,Utilities,Mumbai,Wallet,DEV031,Failed,684,619.9,132,1,0.2681,Mobile,0
TXN894226,U0100,2024-01-24 16:35:06,3729.78,Travel,Los Angeles,Credit Card,DEV029,Failed,3752,679.6,200,0,0.1513,ATM,0
TXN548625,U0101,2024-01-04 21:37:01,3641.97,Food,Chicago,Wallet,DEV006,Pending,196,786.1,124,1,0.5205,ATM,0
TXN630330,U0073,2024-01-21 00:30:49,4959.4,Entertainment,London,UPI,DEV048,Pending,2483,543.0,97,1,0.7484,POS,0
TXN077248,U0156,2024-01-30 19:25:31,858.42,ATM,Sydney,Debit Card,DEV049,Pending,2092,746.3,56,1,0.1919,POS,0
TXN664429,U0146,2024-01-29 02:45:38,3624.55,ATM,Houston,UPI,DEV015,Pending,3582,467.5,183,1,0.5973,ATM,0
TXN050307,U0129,2024-01-03 13:33:28,4445.09,Entertainment,Houston,Wallet,DEV041,Failed,3214,361.2,170,1,0.5439,POS,0
TXN417928,U0048,2024-01-23 02:29:02,4561.3,Utilities,Chicago,Net Banking,DEV027,Pending,3137,477.6,149,0,0.3515,POS,0
TXN718924,U0082,2024-01-02 23:55:06,1934.97,Food,New York,Net Banking,DEV019,Success,728,725.5,145,1,0.3804,POS,0
TXN697313,U0126,2024-01-18 02:51:21,50.24,Utilities,Phoenix,Wallet,DEV039,Success,1035,471.7,199,0,0.2242,Mobile,0
TXN261692,U0086,2024-01-24 09:41:44,1393.79,Entertainment,Mumbai,UPI,DEV016,Pending,3284,319.1,64,0,0.5824,ATM,0
TXN000128,U0130,2024-01-14 04:12:53,33864.86,Food,Tokyo,Debit Card,DEV015,Failed,3514,416.7,194,0,0.8986,POS,1
TXN491770,U0182,2024-01-30 15:15:01,2773.86,Online,Chicago,UPI,DEV019,Success,2545,843.4,14,0,0.3086,Web,0
TXN160445,U0045,2024-01-29 14:07:11,4624.93,Travel,Houston,UPI,DEV002,Failed,3210,767.5,34,1,0.2646,Mobile,0
TXN095823,U0006,2024-01-27 16:47:05,257.84,Entertainment,New York,Debit Card,DEV035,Failed,1919,616.5,143,1,0.6957,Mobile,0
TXN650142,U0016,2024-01-17 00:47:33,4249.65,Food,London,Wallet,DEV031,Failed,3657,464.8,49,1,0.7155,Mobile,0
TXN187232,U0051,2024-01-08 12:13:04,1219.5,Food,Sydney,Wallet,DEV050,Pending,980,461.2,114,0,0.6929,Mobile,0
TXN408355,U0028,2024-01-06 12:22:37,2870.15,Travel,Paris,Wallet,DEV037,Failed,2036,786.6,198,1,0.6236,Mobile,0
TXN602816,U0074,2024-01-27 06:07:47,2029.6,Food,Phoenix,Credit Card,DEV016,Success,3114,451.7,161,1,0.7025,ATM,0
TXN275334,U0115,2024-01-31 11:43:36,1641.84,Entertainment,Sydney,Wallet,DEV028,Failed,1869,375.0,86,0,0.589,ATM,0
TXN757331,U0135,2024-01-17 20:42:37,4931.17,ATM,Tokyo,UPI,DEV039,Pending,3538,779.9,193,0,0.2407,POS,0
TXN196346,U0143,2024-01-01 07:49:11,4756.11,ATM,London,Debit Card,DEV035,Failed,1263,414.0,39,1,0.221,Mobile,0
TXN510264,U0152,2024-01-27 02:14:03,2495.73,ATM,Phoenix,Debit Card,DEV049,Pending,114,658.9,29,1,0.296,Web,0
TXN780736,U0042,2024-01-15 23:49:29,2356.57,ATM,Los Angeles,UPI,DEV045,Pending,2815,744.1,97,1,0.6159,Web,0
TXN162888,U0083,2024-01-02 17:31:47,177.48,Retail,Tokyo,UPI,DEV038,Pending,3619,319.3,100,1,0.1415,Web,0
TXN236279,U0019,2024-01-01 02:10:51,4588.13,Travel,Sydney,Wallet,DEV026,Success,670,434.8,20,0,0.3828,Mobile,0
TXN078316,U0115,2024-01-09 02:55:33,1714.64,Online,Paris,Credit Card,DEV050,Success,2189,434.0,107,0,0.5663,ATM,0
TXN038656,U0190,2024-01-13 13:56:05,278.11,Online,London,Debit Card,DEV006,Failed,2358,720.4,169,1,0.5182,ATM,0
TXN653943,U0069,2024-01-24 10:42:46,4461.56,Entertainment,Chicago,Net Banking,DEV048,Pending,1844,712.0,141,1,0.426,ATM,0
TXN234356,U0004,2024-01-06 12:17:26,1281.36,Entertainment,Houston,Net Banking,DEV027,Pending,2757,412.9,121,1,0.1814,Web,0
TXN119462,U0087,2024-01-05 00:18:41,4535.63,Retail,Los Angeles,Net Banking,DEV007,Success,1877,586.6,152,1,0.7234,Web,0
TXN811707,U0096,2024-01-29 04:14:00,699.51,Food,New York,Wallet,DEV005,Pending,1795,842.6,148,1,0.4016,Web,0
TXN036513,U0193,2024-01-29 00:02:26,1822.08,Retail,Phoenix,Credit Card,DEV009,Success,2654,658.7,123,0,0.6966,Mobile,0
TXN082522,U0050,2024-01-01 05:35:26,3691.57,ATM,Paris,Debit Card,DEV032,Failed,3867,588.6,75,1,0.1264,POS,0
TXN413712,U0046,2024-01-06 21:06:49,429.83,Utilities,New York,Debit Card,DEV024,Success,3819,327.9,53,1,0.7245,POS,0
TXN139083,U0198,2024-01-17 04:16:08,3159.96,Online,Chicago,Credit Card,DEV007,Pending,1004,571.2,59,1,0.7002,Web,0
TXN877625,U0093,2024-01-08 13:16:03,3882.48,Online,Los Angeles,Debit Card,DEV018,Pending,724,478.0,83,1,0.7999,Mobile,0
TXN888307,U0037,2024-01-08 12:46:22,2007.57,Utilities,Los Angeles,Net Banking,DEV039,Failed,2983,713.5,77,1,0.5167,ATM,0
TXN000109,U0066,2024-01-07 09:14:16,22645.1,Online,Los Angeles,UPI,DEV032,Pending,2490,708.0,116,1,0.6327,Mobile,1
TXN673532,U0057,2024-01-16 20:39:19,2512.63,ATM,Mumbai,Debit Card,DEV019,Pending,631,380.0,15,1,0.4633,ATM,0
TXN986064,U0146,2024-01-28 01:53:53,1292.36,ATM,Chicago,Debit Card,DEV044,Failed,2541,772.5,148,0,0.7562,ATM,0
TXN784477,U0056,2024-01-11 22:30:48,3657.43,Entertainment,Phoenix,Debit Card,DEV049,Failed,385,815.9,12,1,0.4616,Web,0
TXN000110,U0155,2024-01-06 08:33:57,15245.56,Utilities,Sydney,Debit Card,DEV025,Failed,3179,731.2,282,1,0.6057,ATM,1
TXN896236,U0065,2024-01-22 10:31:10,2450.95,Entertainment,Houston,UPI,DEV033,Success,2391,307.3,195,1,0.4406,ATM,0
TXN401512,U0140,2024-01-11 09:36:55,3490.85,ATM,Houston,UPI,DEV006,Pending,1951,824.4,98,1,0.5206,Mobile,0
TXN736421,U0043,2024-01-22 14:00:27,4038.04,Utilities,Mumbai,Wallet,DEV049,Failed,2293,388.7,66,0,0.7141,Mobile,0
TXN274784,U0097,2024-01-13 07:51:50,3403.72,ATM,Los Angeles,Wallet,DEV026,Failed,3334,637.3,37,0,0.5992,POS,0
TXN846715,U0145,2024-01-03 15:55:22,2909.51,Online,Mumbai,Credit Card,DEV022,Failed,672,662.1,106,1,0.4306,Mobile,0
TXN691731,U0016,2024-01-09 18:52:34,3588.04,Travel,Houston,Net Banking,DEV018,Pending,3578,577.2,15,0,0.6659,POS,0
TXN173991,U0152,2024-01-13 04:46:43,4616.9,Entertainment,Chicago,Net Banking,DEV004,Success,2860,455.9,49,1,0.4182,Web,0
TXN566909,U0174,2024-01-17 18:18:55,13.94,Utilities,Sydney,Debit Card,DEV043,Pending,2668,506.7,193,1,0.3279,POS,0
TXN192679,U0090,2024-01-04 02:15:57,1361.87,Entertainment,Houston,Net Banking,DEV016,Failed,2806,682.0,59,1,0.3758,POS,0
TXN674882,U0093,2024-01-12 09:06:48,4548.91,Retail,Los Angeles,Wallet,DEV011,Pending,2485,582.8,119,1,0.3212,Web,0
TXN691629,U0087,2024-01-13 00:54:47,1894.67,Utilities,Los Angeles,Debit Card,DEV022,Failed,819,385.7,28,0,0.7234,ATM,0
TXN940984,U0200,2024-01-02 18:50:08,2425.11,Utilities,Mumbai,Debit Card,DEV041,Success,2365,347.6,123,0,0.3909,POS,0
TXN464296,U0171,2024-01-15 23:42:01,1935.86,Entertainment,Phoenix,Debit Card,DEV044,Pending,2169,521.2,187,1,0.6808,POS,0
TXN984955,U0039,2024-01-23 12:02:59,2753.84,Entertainment,Mumbai,Debit Card,DEV034,Pending,2799,379.5,102,1,0.293,POS,0
TXN511092,U0192,2024-01-08 13:15:14,100.81,Utilities,Houston,Wallet,DEV011,Pending,2250,753.4,107,0,0.4761,Mobile,0
TXN735463,U0095,2024-01-31 18:20:57,300.57,Travel,Paris,Credit Card,DEV047,Success,3485,382.7,47,0,0.4011,Mobile,0
TXN515040,U0029,2024-01-12 04:19:52,662.11,Travel,Mumbai,Wallet,DEV013,Pending,1490,723.6,125,0,0.7434,Mobile,0
TXN000026,U0164,2024-01-12 19:06:26,22269.08,ATM,Los Angeles,Net Banking,DEV039,Success,3090,685.0,153,1,0.8029,Web,1
TXN115240,U0063,2024-01-14 19:48:36,4005.28,Travel,New York,Net Banking,DEV036,Success,3567,306.4,123,1,0.7551,Web,0
TXN163509,U0170,2024-01-06 10:14:10,4940.31,Online,Los Angeles,Debit Card,DEV049,Pending,2866,431.5,178,0,0.1768,POS,0
TXN050554,U0191,2024-01-06 03:59:14,3638.65,Retail,Paris,Debit Card,DEV010,Failed,1255,321.4,68,0,0.1762,ATM,0
TXN000037,U0015,2024-01-31 16:57:44,37440.88,Online,Paris,UPI,DEV012,Pending,2996,660.4,264,0,0.9015,Mobile,1
TXN713998,U0066,2024-01-22 11:10:24,1967.83,Entertainment,Houston,Credit Card,DEV017,Pending,3838,406.6,15,1,0.5928,Web,0
TXN826973,U0137,2024-01-13 10:40:09,4779.36,Food,New York,UPI,DEV037,Failed,2719,492.4,17,1,0.7265,POS,0
TXN608006,U0125,2024-01-07 19:35:56,197.63,Utilities,Houston,Credit Card,DEV048,Pending,914,419.9,25,0,0.2094,POS,0
TXN846201,U0149,2024-01-17 18:10:54,1895.07,Food,London,Credit Card,DEV021,Pending,195,695.5,131,0,0.1054,Mobile,0
TXN876475,U0076,2024-01-03 14:34:14,1585.63,Entertainment,Sydney,Net Banking,DEV009,Pending,3622,487.5,172,0,0.2948,ATM,0
TXN505733,U0040,2024-01-16 22:32:12,2350.52,Online,Sydney,Debit Card,DEV033,Success,2365,636.1,50,1,0.3291,Mobile,0
TXN320992,U0117,2024-01-22 04:41:06,4423.73,Utilities,Paris,Wallet,DEV002,Success,1779,834.9,21,0,0.1158,ATM,0
TXN952595,U0133,2024-01-16 14:10:58,3529.05,Retail,Los Angeles,Credit Card,DEV036,Pending,3526,783.5,92,1,0.429,Mobile,0
TXN354230,U0003,2024-01-30 17:27:43,3835.53,Entertainment,London,Credit Card,DEV033,Success,2461,647.5,76,1,0.3513,ATM,0
TXN642267,U0008,2024-01-04 04:14:52,4836.38,ATM,New York,Wallet,DEV032,Success,638,425.2,122,1,0.236,Web,0
TXN746887,U0092,2024-01-25 14:10:05,306.08,Food,Los Angeles,UPI,DEV010,Pending,1251,709.1,50,1,0.1728,POS,0
TXN133956,U0174,2024-01-25 18:16:19,912.96,Entertainment,New York,Credit Card,DEV017,Failed,2387,497.9,192,1,0.4317,Web,0
TXN000122,U0049,2024-01-27 14:13:09,23213.91,Food,Paris,Debit Card,DEV003,Success,3725,765.3,241,0,0.8565,Mobile,1
TXN002818,U0038,2024-01-17 12:05:54,511.15,Entertainment,New York,Net Banking,DEV043,Pending,1561,306.9,37,0,0.198,POS,0
TXN856115,U0067,2024-01-18 08:36:45,1947.93,Utilities,Sydney,Net Banking,DEV037,Success,3784,398.9,124,0,0.3021,Web,0
TXN626285,U0136,2024-01-11 01:20:19,4944.29,Utilities,Paris,Net Banking,DEV022,Pending,2326,539.0,107,0,0.3878,ATM,0
TXN072526,U0121,2024-01-11 08:07:23,4200.5,Travel,New York,Net Banking,DEV004,Pending,3595,575.6,68,1,0.5661,Mobile,0
TXN963026,U0073,2024-01-21 09:47:11,4882.29,ATM,Sydney,Credit Card,DEV010,Failed,2846,596.7,27,1,0.3099,Mobile,0
TXN701538,U0057,2024-01-01 05:46:49,4080.75,ATM,Houston,UPI,DEV010,Failed,3936,633.0,58,1,0.6167,Mobile,0
TXN136406,U0134,2024-01-08 16:04:43,1801.47,Online,Tokyo,Wallet,DEV006,Failed,2378,620.9,198,0,0.3187,Mobile,0
TXN000142,U0063,2024-01-30 03:43:33,11126.73,Travel,Paris,Debit Card,DEV036,Success,3766,448.1,142,0,0.7864,Web,1
TXN000059,U0040,2024-01-26 19:25:35,7617.83,Travel,Chicago,Credit Card,DEV026,Success,2428,478.2,419,1,0.6278,ATM,1
TXN077581,U0143,2024-01-20 00:03:41,535.19,Retail,Sydney,Credit Card,DEV022,Pending,722,328.6,132,0,0.2923,Mobile,0
TXN462487,U0008,2024-01-19 10:06:51,2882.02,Retail,Los Angeles,Debit Card,DEV043,Success,343,357.8,126,1,0.6244,Web,0
TXN934593,U0128,2024-01-04 10:48:00,1652.86,ATM,Chicago,UPI,DEV041,Failed,2588,426.0,85,1,0.3155,Web,0
TXN586996,U0139,2024-01-26 09:11:35,4888.58,Food,Chicago,Debit Card,DEV031,Failed,178,371.7,199,1,0.1367,Web,0
TXN073816,U0168,2024-01-30 04:54:21,351.02,Food,Mumbai,Credit Card,DEV003,Success,1655,340.9,89,0,0.4761,Web,0
TXN995805,U0153,2024-01-31 19:08:18,426.74,Retail,London,Credit Card,DEV033,Failed,2176,427.0,43,0,0.3335,ATM,0
TXN304743,U0145,2024-01-21 05:52:43,2788.12,ATM,Sydney,Net Banking,DEV011,Pending,2149,440.9,173,0,0.2159,Mobile,0
TXN571329,U0119,2024-01-28 01:47:17,1125.45,Online,Paris,Wallet,DEV008,Pending,983,745.0,80,1,0.7182,POS,0
TXN006369,U0012,2024-01-30 17:37:20,3473.13,Food,Sydney,Wallet,DEV016,Pending,3346,359.3,133,0,0.3021,Web,0
TXN502824,U0167,2024-01-24 10:12:17,1820.98,Retail,Los Angeles,UPI,DEV041,Failed,1821,699.4,56,1,0.3839,ATM,0
TXN695410,U0140,2024-01-13 01:25:55,1401.15,Food,Sydney,Wallet,DEV001,Pending,1840,614.2,137,1,0.7279,ATM,0
TXN560010,U0152,2024-01-25 18:11:23,2569.9,Retail,New York,Debit Card,DEV005,Failed,159,630.5,73,0,0.7446,Web,0
TXN000052,U0126,2024-01-20 00:20:59,37378.75,ATM,Los Angeles,Credit Card,DEV022,Success,1045,530.2,400,1,0.745,Web,1
TXN871165,U0050,2024-01-11 23:58:42,146.72,Entertainment,Mumbai,UPI,DEV009,Success,3522,772.4,139,1,0.6191,Mobile,0
TXN225530,U0065,2024-01-24 13:13:35,1479.22,Entertainment,Tokyo,Credit Card,DEV019,Failed,3625,692.1,25,1,0.4102,ATM,0
TXN509557,U0162,2024-01-16 05:22:47,2214.39,Utilities,Sydney,Credit Card,DEV010,Pending,1267,469.1,31,1,0.4531,ATM,0
TXN407778,U0167,2024-01-04 01:18:07,386.0,Utilities,Sydney,Net Banking,DEV016,Failed,969,787.2,184,0,0.1693,Web,0
TXN146147,U0175,2024-01-07 03:18:29,3402.98,Travel,London,UPI,DEV041,Failed,2432,600.2,85,1,0.2198,POS,0
TXN000079,U0070,2024-01-03 12:19:09,19934.98,Food,Chicago,Credit Card,DEV006,Pending,2545,720.2,208,0,0.5675,Web,1
TXN000146,U0133,2024-01-08 13:08:31,27007.43,Online,Sydney,UPI,DEV041,Pending,2514,416.3,344,1,0.8745,Web,1
TXN842456,U0156,2024-01-17 08:07:38,1488.71,Entertainment,New York,Net Banking,DEV017,Failed,618,549.5,162,1,0.6449,POS,0
TXN952518,U0139,2024-01-16 05:10:14,4575.04,Online,Chicago,Debit Card,DEV019,Failed,2841,631.5,166,0,0.5951,Web,0
TXN719213,U0115,2024-01-04 17:58:20,4402.16,ATM,London,Net Banking,DEV020,Success,2902,614.7,80,1,0.4717,Web,0
TXN095640,U0162,2024-01-13 12:43:01,1835.51,ATM,Tokyo,Debit Card,DEV020,Pending,369,411.5,108,0,0.3589,Web,0
TXN295196,U0013,2024-01-06 07:57:30,3209.79,Utilities,Paris,Wallet,DEV020,Failed,1992,422.5,115,1,0.582,ATM,0
TXN000020,U0185,2024-01-02 03:29:58,12510.2,Utilities,Chicago,Debit Card,DEV043,Pending,1695,490.9,490,1,0.9866,POS,1
TXN000097,U0062,2024-01-09 07:35:04,21566.8,Entertainment,New York,Credit Card,DEV007,Pending,3608,335.8,147,0,0.9151,Mobile,1
TXN841873,U0075,2024-01-15 04:21:48,2997.68,Utilities,Sydney,Credit Card,DEV021,Pending,2861,370.8,146,0,0.2969,Web,0
TXN799716,U0062,2024-01-01 08:24:42,4308.18,Entertainment,Paris,UPI,DEV001,Pending,3807,352.5,145,1,0.2945,Mobile,0
TXN504575,U0125,2024-01-04 06:53:48,4577.64,Utilities,Los Angeles,Net Banking,DEV006,Success,3853,755.1,97,1,0.519,ATM,0
TXN477571,U0007,2024-01-07 01:16:27,2569.68,Retail,Paris,UPI,DEV022,Pending,3646,524.6,197,0,0.4806,ATM,0
TXN957441,U0130,2024-01-28 14:52:01,4998.74,Utilities,New York,UPI,DEV048,Pending,756,465.2,167,1,0.1459,POS,0
TXN209359,U0153,2024-01-10 13:02:01,1673.46,Utilities,Chicago,Credit Card,DEV024,Failed,971,347.9,86,0,0.1284,Mobile,0
TXN000021,U0073,2024-01-03 18:19:47,24808.17,Entertainment,Sydney,Debit Card,DEV001,Success,3978,514.5,462,1,0.8378,Web,1
TXN144171,U0082,2024-01-27 01:51:12,1446.86,Travel,Paris,Net Banking,DEV042,Failed,3751,396.9,118,0,0.7794,POS,0
TXN099676,U0197,2024-01-08 21:58:27,4762.3,Online,Phoenix,Debit Card,DEV033,Pending,1738,425.2,75,0,0.3487,Web,0
TXN739746,U0119,2024-01-09 22:50:53,4916.28,Utilities,Chicago,Credit Card,DEV045,Failed,3561,603.3,88,1,0.5908,ATM,0
TXN807723,U0144,2024-01-06 12:50:17,1933.51,Travel,London,Debit Card,DEV005,Success,2658,386.6,48,0,0.3693,POS,0
TXN598858,U0107,2024-01-18 18:24:09,3746.33,Utilities,London,Credit Card,DEV026,Success,2078,719.4,87,1,0.309,ATM,0
TXN334687,U0154,2024-01-11 22:57:15,2826.17,Utilities,Chicago,Debit Card,DEV022,Pending,2406,462.4,134,0,0.4116,Web,0
TXN000149,U0116,2024-01-01 14:55:32,21620.58,Utilities,Phoenix,UPI,DEV004,Success,3486,731.7,455,1,0.9722,Web,1
TXN177979,U0084,2024-01-31 22:39:11,2153.9,Online,Los Angeles,UPI,DEV029,Failed,1266,804.0,31,1,0.7688,Web,0
TXN551495,U0103,2024-01-29 14:58:07,258.25,Entertainment,Paris,Wallet,DEV027,Failed,2873,388.1,140,0,0.6927,POS,0
TXN025833,U0174,2024-01-30 09:18:48,3330.68,ATM,Los Angeles,Wallet,DEV032,Success,3405,734.6,163,1,0.669,Web,0
TXN139857,U0017,2024-01-04 14:43:04,2073.22,ATM,Tokyo,UPI,DEV013,Success,3108,776.8,12,0,0.3302,POS,0
TXN520597,U0194,2024-01-01 13:13:55,2217.64,ATM,Phoenix,Net Banking,DEV003,Success,128,323.3,109,1,0.4623,ATM,0
TXN127330,U0158,2024-01-21 07:52:36,1804.94,Entertainment,Chicago,UPI,DEV029,Success,1145,833.6,51,0,0.4767,POS,0
TXN516306,U0009,2024-01-27 19:39:37,425.24,Food,Tokyo,Credit Card,DEV005,Pending,746,509.9,78,0,0.2896,ATM,0
TXN911629,U0152,2024-01-14 09:30:11,2812.65,Entertainment,Sydney,Net Banking,DEV008,Success,1454,751.1,180,1,0.1655,Mobile,0
TXN825979,U0029,2024-01-08 18:39:34,1658.04,Retail,Mumbai,Debit Card,DEV003,Success,2915,776.6,154,0,0.2141,Mobile,0
TXN682438,U0137,2024-01-24 12:08:15,4600.31,Utilities,Paris,Net Banking,DEV037,Pending,1007,518.1,46,0,0.3349,Mobile,0
TXN446436,U0124,2024-01-03 07:35:18,1518.19,Retail,Paris,Wallet,DEV037,Success,2333,688.6,133,1,0.6024,Mobile,0
TXN094106,U0181,2024-01-25 00:07:41,668.87,Retail,Phoenix,UPI,DEV012,Pending,2124,466.5,65,1,0.3986,ATM,0
TXN199857,U0016,2024-01-31 22:05:59,816.57,Food,London,Credit Card,DEV040,Success,985,742.4,189,1,0.3072,POS,0
TXN399277,U0132,2024-01-12 13:33:32,2780.26,Food,Paris,Wallet,DEV043,Pending,2240,792.0,104,1,0.139,POS,0
TXN584440,U0071,2024-01-31 00:13:24,1506.81,ATM,London,Credit Card,DEV038,Success,2342,773.7,10,0,0.3051,ATM,0
TXN003968,U0114,2024-01-21 16:38:25,1725.05,Online,Paris,Wallet,DEV018,Success,3721,432.2,150,1,0.2899,ATM,0
TXN469079,U0158,2024-01-27 05:35:23,713.59,Retail,Chicago,Debit Card,DEV039,Pending,2418,830.7,176,1,0.7219,Web,0
TXN268100,U0162,2024-01-30 07:11:37,1111.2,Food,Chicago,Net Banking,DEV008,Success,2775,819.6,198,0,0.3686,POS,0
TXN568643,U0093,2024-01-08 08:38:58,4179.16,Retail,Tokyo,Credit Card,DEV018,Failed,2927,390.4,154,0,0.2466,Mobile,0
TXN671560,U0090,2024-01-03 17:30:31,2430.08,Utilities,Chicago,Debit Card,DEV004,Pending,343,354.3,173,0,0.4536,ATM,0
TXN640098,U0192,2024-01-09 04:06:21,499.14,ATM,Phoenix,UPI,DEV031,Failed,1112,734.4,127,1,0.7012,ATM,0
TXN167838,U0002,2024-01-26 04:24:30,1878.82,Online,Paris,UPI,DEV045,Pending,2637,711.8,106,1,0.4968,Mobile,0
TXN921607,U0193,2024-01-12 20:51:02,4441.77,Entertainment,London,Net Banking,DEV035,Pending,734,523.5,73,1,0.5776,POS,0
TXN309717,U0150,2024-01-30 07:59:53,1295.99,ATM,Sydney,Credit Card,DEV021,Failed,507,787.2,132,1,0.6669,Mobile,0
TXN904060,U0158,2024-01-07 17:22:44,4495.83,Travel,Los Angeles,Wallet,DEV039,Success,909,617.1,118,0,0.6251,Mobile,0
TXN966779,U0058,2024-01-12 06:20:18,4466.07,Food,Paris,UPI,DEV037,Success,1147,672.6,11,1,0.5637,ATM,0
TXN447335,U0064,2024-01-08 06:26:44,60.97,Entertainment,Los Angeles,Net Banking,DEV046,Pending,903,326.6,79,1,0.4052,POS,0
TXN244392,U0149,2024-01-13 22:54:20,166.15,Entertainment,Mumbai,UPI,DEV025,Pending,1528,455.5,124,1,0.2143,ATM,0
TXN690235,U0160,2024-01-01 20:52:30,2105.65,Travel,New York,UPI,DEV048,Failed,3806,845.5,132,0,0.1456,ATM,0
TXN431421,U0002,2024-01-05 15:50:28,4258.27,Retail,Tokyo,UPI,DEV030,Failed,2108,585.4,60,0,0.3364,ATM,0
TXN822746,U0092,2024-01-13 10:59:04,978.49,Travel,New York,Debit Card,DEV035,Failed,267,452.9,29,1,0.4822,POS,0
TXN000036,U0027,2024-01-29 15:24:47,36090.47,Travel,Los Angeles,Wallet,DEV050,Success,2268,755.0,278,0,0.6916,Web,1
TXN756393,U0041,2024-01-23 10:54:10,3766.38,Food,Houston,Credit Card,DEV016,Pending,1312,372.4,133,0,0.6131,Mobile,0
TXN391170,U0074,2024-01-21 14:35:40,4758.04,Travel,Chicago,Debit Card,DEV027,Pending,2759,609.6,198,0,0.2796,Web,0
TXN728394,U0135,2024-01-27 17:46:55,4158.23,Entertainment,Mumbai,Debit Card,DEV032,Success,1047,499.0,195,0,0.2162,ATM,0
TXN000007,U0159,2024-01-18 07:41:46,11118.31,Online,Mumbai,Net Banking,DEV047,Pending,1249,693.8,105,0,0.9518,POS,1
TXN000114,U0038,2024-01-29 08:48:07,19200.82,Utilities,Houston,Net Banking,DEV006,Success,510,343.7,497,1,0.55,ATM,1
TXN942116,U0136,2024-01-13 11:23:01,3323.86,Retail,Los Angeles,Net Banking,DEV016,Failed,3699,729.4,85,0,0.263,Mobile,0
TXN984563,U0174,2024-01-23 12:37:05,4253.0,Online,Paris,Net Banking,DEV026,Failed,3857,546.8,146,1,0.7299,Mobile,0
TXN000134,U0142,2024-01-01 07:28:19,29720.54,Food,Phoenix,Net Banking,DEV034,Success,2065,501.2,213,1,0.8221,ATM,1
TXN372192,U0149,2024-01-03 14:43:57,4258.48,ATM,Tokyo,Credit Card,DEV038,Pending,2171,347.5,56,0,0.5592,Mobile,0
TXN619287,U0168,2024-01-04 08:21:50,3229.73,Food,London,Debit Card,DEV007,Success,2742,486.3,153,1,0.7935,ATM,0
TXN338950,U0063,2024-01-29 17:06:36,3464.03,ATM,Houston,Wallet,DEV028,Pending,3475,654.7,161,1,0.4841,ATM,0
TXN857746,U0168,2024-01-29 23:21:09,3323.26,ATM,Los Angeles,Net Banking,DEV020,Failed,500,390.1,163,1,0.3696,Web,0
TXN660085,U0092,2024-01-12 18:10:04,4405.33,Online,Sydney,Credit Card,DEV013,Pending,2367,752.3,37,0,0.1534,Mobile,0
TXN084741,U0173,2024-01-08 02:46:50,1034.45,ATM,Los Angeles,Debit Card,DEV002,Failed,3682,596.2,85,0,0.2148,Web,0
TXN396559,U0083,2024-01-10 21:28:31,3922.61,Retail,Paris,Wallet,DEV005,Failed,3280,321.3,175,1,0.5535,Mobile,0
TXN787514,U0138,2024-01-03 02:05:27,3212.29,Travel,Houston,Credit Card,DEV011,Pending,1744,706.0,103,1,0.2435,Mobile,0
TXN004101,U0171,2024-01-27 03:44:54,3048.02,Utilities,Phoenix,Wallet,DEV044,Success,3040,605.8,65,0,0.7324,POS,0
TXN420038,U0059,2024-01-29 12:53:27,1084.76,Retail,Houston,UPI,DEV014,Pending,3848,653.1,181,0,0.7324,ATM,0
TXN309934,U0052,2024-01-23 20:16:05,525.87,Food,Houston,Debit Card,DEV026,Pending,2089,843.1,125,0,0.748,Mobile,0
TXN144361,U0008,2024-01-19 02:45:49,4388.96,Retail,Chicago,UPI,DEV024,Success,2675,734.9,102,1,0.5049,Web,0
TXN365851,U0064,2024-01-17 20:12:16,1724.3,Food,Sydney,Credit Card,DEV019,Pending,2109,542.6,106,0,0.1692,Mobile,0
TXN400224,U0171,2024-01-11 00:59:05,4617.55,ATM,Paris,Debit Card,DEV015,Failed,3148,441.1,154,1,0.43,Web,0
TXN399348,U0034,2024-01-30 02:05:45,4314.6,Entertainment,London,Credit Card,DEV004,Success,3025,484.9,156,1,0.4972,POS,0
TXN740053,U0142,2024-01-10 02:59:43,94.53,Utilities,Phoenix,Debit Card,DEV024,Failed,1383,625.8,143,1,0.1528,Mobile,0
TXN732372,U0140,2024-01-07 17:27:13,2978.96,Utilities,Mumbai,Wallet,DEV045,Success,3404,600.0,143,0,0.6274,POS,0
TXN836847,U0076,2024-01-08 17:22:21,887.59,ATM,Tokyo,Net Banking,DEV048,Success,1290,538.6,144,1,0.4066,ATM,0
TXN182002,U0171,2024-01-07 13:38:01,4304.4,Retail,Los Angeles,Net Banking,DEV013,Pending,955,445.5,141,0,0.4196,ATM,0
TXN887383,U0065,2024-01-19 01:55:23,4170.14,Travel,Phoenix,Debit Card,DEV041,Success,3278,720.7,70,1,0.3904,POS,0
TXN470526,U0163,2024-01-31 11:48:36,3672.54,Food,London,Wallet,DEV027,Success,457,584.1,193,1,0.3085,Mobile,0
TXN762558,U0090,2024-01-01 03:32:53,3967.64,Online,New York,UPI,DEV002,Success,3251,763.5,73,1,0.1423,Mobile,0
TXN000131,U0046,2024-01-25 04:33:08,5178.2,Food,London,Credit Card,DEV045,Pending,1930,365.1,492,0,0.6162,Mobile,1
TXN085223,U0069,2024-01-26 07:17:23,2206.75,Entertainment,Houston,Debit Card,DEV031,Failed,2828,544.4,166,1,0.2119,Mobile,0
TXN000075,U0077,2024-01-22 21:55:42,22945.92,ATM,Mumbai,Wallet,DEV003,Pending,2706,570.1,465,0,0.5515,Web,1
TXN667130,U0027,2024-01-30 22:17:22,4138.0,Utilities,New York,Credit Card,DEV001,Failed,1513,560.3,124,0,0.1234,Web,0
TXN474710,U0182,2024-01-28 17:10:46,1717.92,Online,Sydney,Net Banking,DEV025,Failed,341,637.5,75,1,0.6391,POS,0
TXN000141,U0134,2024-01-24 19:02:25,11228.67,Travel,Paris,Wallet,DEV025,Pending,3683,731.5,196,1,0.9535,Mobile,1
TXN032399,U0036,2024-01-05 22:31:26,594.28,Online,New York,Debit Card,DEV039,Success,653,485.7,129,0,0.2677,Web,0
TXN226034,U0102,2024-01-06 23:55:55,1495.88,Utilities,London,Wallet,DEV042,Pending,1803,403.6,177,0,0.6719,Web,0
TXN426996,U0120,2024-01-16 10:35:34,3823.76,Retail,Phoenix,UPI,DEV035,Success,2241,558.9,82,0,0.7952,Mobile,0
TXN000100,U0190,2024-01-17 00:20:11,20561.85,Retail,Los Angeles,UPI,DEV034,Failed,2141,569.6,162,0,0.5852,Web,1
TXN335037,U0194,2024-01-28 03:12:30,1677.58,Travel,Houston,Wallet,DEV018,Success,655,403.4,68,1,0.5025,POS,0
TXN010309,U0181,2024-01-27 09:24:05,1254.49,Food,Tokyo,Wallet,DEV021,Pending,1121,614.8,83,0,0.6029,ATM,0
TXN616867,U0187,2024-01-22 20:36:55,945.24,Retail,Houston,Net Banking,DEV005,Success,3490,351.1,23,0,0.2557,Mobile,0
TXN224938,U0200,2024-01-15 23:16:24,439.36,Online,Chicago,UPI,DEV017,Pending,1847,486.7,66,0,0.1298,POS,0
TXN000006,U0119,2024-01-12 22:57:51,32792.02,Food,Mumbai,UPI,DEV032,Success,3387,777.0,119,1,0.8786,POS,1
TXN625749,U0196,2024-01-29 13:06:06,830.82,Entertainment,Sydney,Net Banking,DEV024,Failed,2083,471.8,80,1,0.3371,POS,0
TXN161484,U0038,2024-01-02 01:51:09,2436.43,Online,London,UPI,DEV029,Pending,212,757.6,101,1,0.5841,Mobile,0
TXN464150,U0145,2024-01-31 13:10:53,4027.07,Retail,Houston,Net Banking,DEV019,Pending,3650,631.7,141,1,0.1739,Web,0
TXN151390,U0085,2024-01-06 22:30:36,774.81,Utilities,Chicago,UPI,DEV024,Pending,3310,655.5,167,1,0.4485,ATM,0
TXN000056,U0009,2024-01-17 17:05:33,12903.14,Food,New York,Credit Card,DEV033,Success,3828,528.9,345,1,0.764,Web,1
TXN832694,U0163,2024-01-04 23:56:25,1231.24,Entertainment,Chicago,Net Banking,DEV049,Failed,295,708.2,189,1,0.4144,ATM,0
TXN862286,U0006,2024-01-12 15:07:06,396.32,Utilities,Chicago,Wallet,DEV034,Pending,2309,309.3,85,1,0.7075,POS,0
TXN753553,U0196,2024-01-23 18:21:52,3407.51,Food,Los Angeles,Wallet,DEV040,Success,618,464.8,173,1,0.4039,POS,0
TXN897781,U0140,2024-01-21 16:53:47,4955.48,Entertainment,Mumbai,Debit Card,DEV042,Success,1444,376.4,183,0,0.7639,Web,0
TXN913494,U0063,2024-01-19 23:23:38,3972.55,Entertainment,Paris,Debit Card,DEV018,Pending,1790,607.3,63,0,0.3322,POS,0
TXN388497,U0073,2024-01-06 01:34:47,3782.62,Retail,Houston,Net Banking,DEV032,Success,3013,538.5,168,0,0.3858,Web,0
TXN024842,U0125,2024-01-04 06:36:39,487.28,Travel,Paris,Wallet,DEV016,Pending,3503,452.0,137,1,0.1651,Mobile,0
TXN586508,U0058,2024-01-13 04:46:43,2385.6,Retail,Sydney,Credit Card,DEV007,Failed,847,384.4,176,1,0.6257,Web,0
TXN859146,U0193,2024-01-08 18:56:15,4780.42,Food,Paris,UPI,DEV016,Success,461,597.6,150,0,0.6935,POS,0
TXN396793,U0165,2024-01-14 18:26:51,4392.12,Retail,Phoenix,UPI,DEV049,Failed,202,490.3,82,0,0.252,Web,0
TXN675883,U0199,2024-01-24 00:50:35,4811.11,Travel,Phoenix,Debit Card,DEV024,Failed,1423,743.1,116,1,0.3117,Web,0
TXN194772,U0195,2024-01-15 01:07:13,3564.51,Entertainment,London,Debit Card,DEV012,Pending,1822,379.0,86,0,0.601,ATM,0
TXN500468,U0154,2024-01-11 11:23:14,4805.74,Entertainment,London,Wallet,DEV009,Failed,3210,678.6,52,0,0.4507,Web,0
TXN000063,U0017,2024-01-28 04:21:28,5012.14,Travel,Mumbai,Wallet,DEV015,Failed,3241,398.6,460,0,0.8726,Mobile,1
TXN144349,U0112,2024-01-02 05:19:33,4496.04,Travel,Sydney,Wallet,DEV036,Pending,3118,467.3,123,0,0.7694,Mobile,0
TXN350795,U0195,2024-01-07 01:38:44,806.52,Travel,Chicago,Debit Card,DEV047,Success,3132,663.1,132,1,0.2974,Web,0
TXN344024,U0200,2024-01-30 02:04:56,300.24,ATM,London,Wallet,DEV047,Failed,358,661.6,54,1,0.7199,POS,0
TXN474928,U0066,2024-01-02 09:15:53,2311.73,ATM,Chicago,Debit Card,DEV033,Pending,3775,757.1,122,1,0.275,ATM,0
TXN599911,U0088,2024-01-26 10:10:45,1896.76,Utilities,London,Wallet,DEV026,Pending,457,539.7,167,1,0.1223,ATM,0
TXN343535,U0084,2024-01-01 09:49:07,1999.64,Entertainment,New York,Debit Card,DEV018,Pending,3874,670.0,26,0,0.221,ATM,0
TXN689424,U0055,2024-01-16 15:10:55,3419.53,Retail,New York,Debit Card,DEV033,Pending,3529,607.4,161,0,0.4342,POS,0
TXN971118,U0087,2024-01-08 21:46:54,2626.46,Utilities,Phoenix,UPI,DEV039,Failed,1230,525.9,26,1,0.7375,Web,0
TXN887478,U0001,2024-01-21 16:44:34,621.48,Utilities,Paris,Credit Card,DEV039,Pending,3476,844.2,182,0,0.2124,ATM,0
TXN757502,U0199,2024-01-23 11:08:17,2902.51,ATM,Tokyo,Net Banking,DEV023,Failed,2799,348.6,62,1,0.1978,ATM,0
TXN117124,U0200,2024-01-30 02:06:48,4880.87,Online,Mumbai,Wallet,DEV025,Success,3378,559.2,59,0,0.4005,POS,0
TXN448511,U0037,2024-01-15 19:08:44,44.07,Retail,Chicago,Debit Card,DEV036,Pending,1905,502.0,50,0,0.4091,POS,0
TXN354839,U0197,2024-01-29 05:19:56,2438.75,Entertainment,Los Angeles,Wallet,DEV031,Success,1683,520.4,146,1,0.5181,Web,0
TXN331152,U0151,2024-01-30 22:23:00,167.44,Travel,Paris,Wallet,DEV024,Success,1127,589.9,81,1,0.1562,ATM,0
TXN632756,U0036,2024-01-04 07:24:57,3720.65,Travel,New York,Wallet,DEV037,Failed,2654,462.7,149,0,0.5566,POS,0
TXN884269,U0111,2024-01-09 07:20:37,3649.81,Entertainment,Los Angeles,Net Banking,DEV043,Pending,2455,389.9,120,0,0.266,Mobile,0
TXN071807,U0015,2024-01-02 20:18:35,2004.04,Retail,Chicago,UPI,DEV040,Failed,3204,320.2,21,0,0.5619,POS,0
TXN161292,U0192,2024-01-29 14:13:40,3745.34,Entertainment,London,Wallet,DEV035,Pending,3706,348.9,34,1,0.6129,POS,0
TXN000116,U0164,2024-01-31 16:13:27,31569.59,Online,Paris,Credit Card,DEV038,Failed,2048,736.6,340,0,0.697,ATM,1
TXN679195,U0020,2024-01-16 12:10:02,92.89,Retail,Tokyo,Debit Card,DEV015,Pending,2718,596.2,193,1,0.491,POS,0
TXN821472,U0188,2024-01-21 20:19:18,1722.21,Retail,New York,Debit Card,DEV016,Failed,2121,574.4,162,1,0.2817,ATM,0
TXN126905,U0168,2024-01-17 23:56:41,1617.72,Retail,Sydney,Credit Card,DEV031,Failed,1884,531.1,183,0,0.5179,Web,0
TXN130620,U0160,2024-01-31 16:18:13,1535.57,Travel,Mumbai,Credit Card,DEV009,Success,472,640.8,165,1,0.1709,ATM,0
TXN251254,U0071,2024-01-14 00:06:08,760.75,Online,Tokyo,Credit Card,DEV040,Success,1660,775.5,156,0,0.5027,ATM,0
TXN800946,U0030,2024-01-25 01:51:02,1465.65,Entertainment,Tokyo,Net Banking,DEV021,Success,2654,545.9,109,0,0.197,POS,0
TXN396780,U0161,2024-01-24 13:47:54,4459.37,Utilities,Houston,Wallet,DEV049,Success,3854,529.0,173,0,0.1317,ATM,0
TXN648464,U0048,2024-01-26 02:56:14,57.26,ATM,Los Angeles,Net Banking,DEV033,Success,637,660.7,188,1,0.5104,Web,0
TXN877467,U0123,2024-01-12 09:35:25,3675.81,Food,Tokyo,UPI,DEV018,Pending,1976,313.0,94,1,0.4675,Web,0
TXN593280,U0114,2024-01-15 23:24:48,290.56,ATM,Houston,Credit Card,DEV044,Failed,609,572.7,127,1,0.4808,ATM,0
TXN481099,U0129,2024-01-02 10:52:21,1184.32,Utilities,Houston,Wallet,DEV017,Pending,3942,394.3,100,0,0.1112,Mobile,0
TXN371954,U0099,2024-01-12 19:37:23,204.49,Utilities,Sydney,Net Banking,DEV031,Success,1838,701.9,119,0,0.2929,ATM,0
TXN689536,U0158,2024-01-27 10:45:23,2409.37,Food,Mumbai,Debit Card,DEV048,Failed,2576,343.8,90,1,0.2926,ATM,0
TXN235552,U0096,2024-01-15 10:42:36,593.0,Online,Sydney,UPI,DEV038,Pending,1118,577.8,181,1,0.2045,POS,0
TXN784308,U0057,2024-01-18 15:50:39,711.61,Food,New York,Net Banking,DEV030,Pending,1965,470.2,73,0,0.2754,POS,0
TXN373534,U0012,2024-01-10 03:55:29,70.61,Utilities,Paris,Credit Card,DEV013,Failed,363,804.8,153,0,0.227,Mobile,0
TXN679463,U0199,2024-01-12 05:49:20,4886.39,Food,Los Angeles,Wallet,DEV037,Success,3449,371.9,89,0,0.372,ATM,0
TXN341773,U0085,2024-01-23 14:21:36,2467.6,Food,Paris,UPI,DEV023,Success,331,333.6,52,1,0.5199,Web,0
TXN923710,U0148,2024-01-10 07:41:48,2001.05,Online,London,Credit Card,DEV003,Pending,1962,584.8,116,0,0.6503,Mobile,0
TXN366601,U0045,2024-01-18 15:28:58,4339.49,Travel,Houston,UPI,DEV041,Success,3096,352.1,90,0,0.6115,Mobile,0
TXN991160,U0076,2024-01-23 08:52:33,3313.02,Food,Paris,Debit Card,DEV049,Success,3019,775.1,71,1,0.7965,Web,0
TXN115567,U0084,2024-01-23 05:24:41,3620.06,Food,Mumbai,UPI,DEV036,Failed,152,522.1,17,0,0.4057,ATM,0
TXN823900,U0196,2024-01-30 23:53:27,848.14,Food,Mumbai,Credit Card,DEV019,Success,1462,582.6,113,0,0.4976,Mobile,0
TXN000002,U0173,2024-01-30 00:40:46,39694.69,Travel,Paris,Credit Card,DEV012,Failed,745,812.5,394,1,0.9384,POS,1
TXN887866,U0135,2024-01-21 07:55:15,1627.39,Retail,London,Credit Card,DEV012,Failed,243,351.5,24,0,0.7626,POS,0
TXN256631,U0170,2024-01-28 12:40:26,372.66,Retail,Houston,Credit Card,DEV020,Pending,602,307.4,98,1,0.1091,ATM,0
TXN280967,U0153,2024-01-01 15:01:46,4799.32,Entertainment,London,Credit Card,DEV004,Success,2394,478.1,68,1,0.719,Mobile,0
TXN246571,U0028,2024-01-23 02:14:33,4557.86,Travel,Los Angeles,Wallet,DEV018,Success,2819,553.3,160,1,0.7172,Mobile,0
TXN248316,U0113,2024-01-09 00:21:22,1865.04,ATM,Sydney,Debit Card,DEV002,Success,2328,454.7,38,0,0.7522,ATM,0
TXN758025,U0025,2024-01-01 11:37:43,3692.76,Utilities,Sydney,Wallet,DEV035,Failed,3485,396.5,32,0,0.3518,Web,0
TXN340982,U0026,2024-01-20 03:49:07,1832.49,Online,Mumbai,Wallet,DEV004,Failed,2776,644.5,47,0,0.2611,ATM,0
TXN356258,U0008,2024-01-16 14:20:58,4138.38,Utilities,Chicago,Debit Card,DEV022,Success,1237,627.6,193,1,0.3073,Web,0
TXN254799,U0109,2024-01-04 21:04:12,4952.09,ATM,Chicago,Debit Card,DEV003,Failed,1926,435.1,182,1,0.7911,Mobile,0
TXN623886,U0143,2024-01-18 09:25:42,337.12,ATM,Los Angeles,UPI,DEV005,Success,2819,794.3,147,1,0.3379,ATM,0
TXN480099,U0135,2024-01-04 12:54:48,1794.28,Entertainment,Chicago,Credit Card,DEV022,Pending,1890,489.3,107,0,0.1885,POS,0
TXN000001,U0011,2024-01-23 23:56:42,48825.93,ATM,Tokyo,Wallet,DEV042,Success,1977,525.3,451,1,0.5643,Mobile,1
TXN516920,U0171,2024-01-27 13:43:34,4119.46,Online,Tokyo,Wallet,DEV031,Pending,943,687.3,191,1,0.7309,Mobile,0
TXN282135,U0049,2024-01-27 04:30:11,3629.63,Utilities,New York,Net Banking,DEV012,Failed,235,403.7,189,1,0.7825,POS,0
TXN195509,U0043,2024-01-20 03:37:52,887.18,Food,Paris,Credit Card,DEV010,Success,1774,435.0,185,1,0.5699,Web,0
TXN624332,U0030,2024-01-15 22:10:20,4861.82,Entertainment,New York,UPI,DEV039,Pending,989,758.7,111,1,0.3347,Mobile,0
TXN000043,U0017,2024-01-10 08:50:08,41003.12,Entertainment,London,Net Banking,DEV011,Success,208,743.7,117,1,0.7443,Mobile,1
TXN023991,U0188,2024-01-17 23:52:50,4207.2,Entertainment,Chicago,UPI,DEV020,Failed,2779,625.8,100,1,0.3953,Web,0
TXN000092,U0179,2024-01-17 09:44:29,42743.78,Retail,Los Angeles,Wallet,DEV027,Success,1458,473.1,104,1,0.8083,POS,1
TXN748266,U0073,2024-01-16 07:24:42,4452.85,Food,Mumbai,Wallet,DEV013,Pending,2473,815.6,111,1,0.4332,ATM,0
TXN097778,U0141,2024-01-15 09:50:53,312.22,Online,Tokyo,Wallet,DEV018,Failed,2505,522.4,174,0,0.226,Web,0
TXN189891,U0173,2024-01-28 06:34:36,4370.14,Food,Mumbai,UPI,DEV019,Failed,2109,633.3,172,0,0.3439,Web,0
TXN000089,U0134,2024-01-22 09:49:10,44505.57,Online,Los Angeles,Debit Card,DEV005,Failed,2685,519.6,85,1,0.8907,POS,1
TXN058682,U0157,2024-01-03 01:37:28,833.7,Travel,Paris,Wallet,DEV018,Failed,3271,577.4,136,1,0.5415,Mobile,0
TXN729786,U0002,2024-01-19 19:35:54,3352.36,Online,Mumbai,UPI,DEV002,Failed,1795,411.9,58,1,0.1033,POS,0
TXN115957,U0102,2024-01-01 17:31:05,2286.09,ATM,Houston,Net Banking,DEV025,Success,3223,846.9,72,1,0.558,Web,0
TXN611461,U0004,2024-01-25 12:45:52,195.08,Food,Los Angeles,Net Banking,DEV015,Failed,1030,564.1,82,1,0.2271,Web,0
TXN141593,U0109,2024-01-28 07:04:27,2844.16,Food,Mumbai,Net Banking,DEV025,Success,707,466.3,104,0,0.2831,ATM,0
TXN590061,U0061,2024-01-12 12:26:41,1023.27,Food,Los Angeles,Wallet,DEV004,Failed,2856,329.4,158,0,0.6696,Mobile,0
TXN538088,U0076,2024-01-20 01:23:34,427.39,Food,Paris,Wallet,DEV034,Failed,1561,676.4,171,0,0.5796,ATM,0
TXN751639,U0095,2024-01-09 04:58:06,539.06,Online,Paris,Wallet,DEV022,Success,649,619.9,30,0,0.7196,Mobile,0
TXN125356,U0177,2024-01-27 02:26:20,3884.7,Entertainment,Chicago,Credit Card,DEV024,Pending,3321,559.2,142,1,0.2014,Web,0
TXN000067,U0095,2024-01-04 22:57:01,44988.28,Online,Tokyo,Credit Card,DEV019,Pending,1288,360.1,293,1,0.543,POS,1
TXN000073,U0197,2024-01-20 01:16:34,20852.51,ATM,Paris,UPI,DEV043,Failed,3812,773.4,292,0,0.7674,Web,1
TXN561771,U0103,2024-01-24 09:20:30,2423.78,Food,Paris,Net Banking,DEV005,Failed,2812,405.3,42,0,0.6775,Mobile,0
TXN072614,U0137,2024-01-25 19:48:06,2533.92,Retail,Chicago,Credit Card,DEV023,Success,1357,309.4,94,0,0.1429,POS,0
TXN000151,U0081,2024-01-12 16:11:39,12193.96,Food,London,UPI,DEV050,Success,272,420.6,219,0,0.9648,POS,1
TXN662821,U0026,2024-01-20 07:10:52,3660.6,Travel,Mumbai,Wallet,DEV045,Success,3761,727.0,83,0,0.4125,Web,0
TXN979984,U0105,2024-01-13 13:09:26,492.1,Retail,Phoenix,Net Banking,DEV037,Failed,3388,604.3,157,1,0.6688,Mobile,0
TXN018624,U0100,2024-01-10 23:02:55,1578.96,Utilities,Paris,Credit Card,DEV030,Failed,1085,617.7,193,1,0.5987,ATM,0
TXN000130,U0176,2024-01-20 17:17:36,26341.13,Food,Sydney,Debit Card,DEV039,Success,430,512.4,257,1,0.7971,Web,1
TXN885303,U0011,2024-01-30 10:47:19,2204.22,Entertainment,London,UPI,DEV010,Pending,2177,670.6,93,1,0.211,Mobile,0
TXN124255,U0191,2024-01-20 06:16:26,4342.33,Entertainment,Sydney,UPI,DEV025,Failed,2067,452.1,23,1,0.1934,Mobile,0
TXN093686,U0077,2024-01-28 09:18:46,2299.74,Travel,New York,UPI,DEV050,Failed,2538,520.5,92,1,0.659,Web,0
TXN800421,U0084,2024-01-12 10:19:00,2186.53,ATM,Chicago,Wallet,DEV019,Success,3407,829.9,116,1,0.114,POS,0
TXN841435,U0053,2024-01-29 23:50:50,3612.98,Food,New York,Net Banking,DEV041,Success,3727,785.7,108,1,0.7484,ATM,0
TXN530618,U0017,2024-01-22 13:48:46,3728.57,Online,Sydney,Credit Card,DEV015,Failed,2496,321.0,25,1,0.1892,Web,0
TXN852530,U0053,2024-01-21 05:53:34,2749.41,Retail,Houston,Net Banking,DEV010,Pending,976,804.3,196,0,0.1893,POS,0
TXN023865,U0065,2024-01-16 11:24:35,2278.63,Travel,Paris,Wallet,DEV041,Success,3219,425.7,41,1,0.7129,ATM,0
TXN964628,U0016,2024-01-10 01:04:30,4566.97,Retail,Paris,UPI,DEV009,Failed,2047,747.4,165,1,0.1494,Web,0
TXN699890,U0196,2024-01-04 10:00:13,968.86,Travel,Sydney,Credit Card,DEV045,Pending,570,515.0,43,1,0.6949,Web,0
TXN646643,U0186,2024-01-14 22:56:13,2502.85,Food,Tokyo,Credit Card,DEV028,Failed,545,372.1,106,0,0.4495,Mobile,0
TXN497576,U0118,2024-01-25 16:10:00,3346.95,Food,Phoenix,UPI,DEV030,Failed,911,712.8,38,1,0.4513,POS,0
TXN512019,U0036,2024-01-26 05:30:51,2142.63,Retail,Houston,Net Banking,DEV019,Pending,2093,491.8,73,0,0.5674,ATM,0
TXN478434,U0075,2024-01-15 18:28:38,650.44,Travel,Phoenix,UPI,DEV040,Pending,962,749.4,99,0,0.2973,ATM,0
TXN871427,U0062,2024-01-29 03:20:58,2119.21,Entertainment,Houston,Wallet,DEV011,Pending,3550,565.2,147,0,0.3733,Web,0
TXN218510,U0090,2024-01-23 03:09:07,1755.47,ATM,London,Net Banking,DEV023,Success,3532,322.9,84,1,0.2082,ATM,0
TXN485531,U0040,2024-01-01 17:25:21,4824.83,ATM,Mumbai,Debit Card,DEV014,Success,1173,843.0,27,1,0.4452,Mobile,0
TXN000129,U0030,2024-01-12 20:45:36,25164.05,ATM,Chicago,Credit Card,DEV009,Success,1754,750.3,342,1,0.5354,Web,1
TXN862273,U0146,2024-01-02 23:09:48,452.69,Travel,Phoenix,Net Banking,DEV026,Failed,2521,401.4,165,0,0.7094,ATM,0
TXN396600,U0019,2024-01-30 14:34:13,1063.59,Food,London,Wallet,DEV020,Pending,169,480.1,121,0,0.1555,ATM,0
TXN000083,U0153,2024-01-17 07:23:39,5425.33,ATM,London,Net Banking,DEV039,Failed,1469,666.3,237,1,0.7218,Web,1
TXN310597,U0044,2024-01-15 08:53:13,3404.44,Retail,Phoenix,Wallet,DEV019,Success,258,523.2,129,1,0.2202,Web,0
TXN836538,U0076,2024-01-20 16:36:43,2847.72,Retail,Sydney,Debit Card,DEV036,Success,3406,746.9,84,1,0.3992,Mobile,0
TXN628009,U0040,2024-01-02 14:09:05,997.52,ATM,Los Angeles,Credit Card,DEV008,Success,2625,787.6,133,0,0.2271,Mobile,0
TXN657309,U0028,2024-01-04 01:13:36,4482.62,Online,London,UPI,DEV040,Failed,3988,430.9,19,1,0.6911,ATM,0
TXN804562,U0102,2024-01-30 01:43:35,4407.35,Online,Los Angeles,Credit Card,DEV010,Success,408,373.0,56,1,0.6921,Web,0
TXN305884,U0088,2024-01-16 17:03:24,1261.34,Retail,London,Net Banking,DEV011,Success,3133,447.6,135,1,0.2797,POS,0
TXN522918,U0140,2024-01-13 21:51:15,1986.53,Travel,Tokyo,UPI,DEV001,Pending,3749,830.2,114,0,0.317,Mobile,0
TXN566985,U0118,2024-01-11 09:25:18,2102.63,ATM,Houston,Net Banking,DEV037,Failed,2982,365.9,15,1,0.3073,ATM,0
TXN626026,U0194,2024-01-12 03:57:03,1224.72,Food,Houston,Net Banking,DEV012,Failed,2708,625.5,88,1,0.4496,Web,0
TXN738426,U0123,2024-01-30 04:26:32,3545.84,Entertainment,Phoenix,Wallet,DEV010,Success,1754,817.1,115,1,0.2814,Mobile,0
TXN304710,U0180,2024-01-23 07:05:13,4664.09,Entertainment,London,Debit Card,DEV036,Pending,3952,376.6,169,1,0.1848,ATM,0
TXN426232,U0029,2024-01-04 16:47:10,3283.47,Utilities,Los Angeles,Debit Card,DEV036,Failed,1063,836.3,36,0,0.2526,Mobile,0
TXN844971,U0142,2024-01-26 11:21:00,3637.27,Retail,Chicago,Net Banking,DEV041,Failed,465,394.7,161,1,0.4697,POS,0
TXN969362,U0072,2024-01-24 17:49:39,4283.18,Travel,Los Angeles,Net Banking,DEV034,Success,431,847.6,115,0,0.473,POS,0
TXN988119,U0171,2024-01-05 12:49:23,4511.13,Travel,Los Angeles,UPI,DEV003,Success,1687,545.4,190,1,0.2101,Mobile,0
TXN339907,U0009,2024-01-28 07:55:47,4646.14,Online,Los Angeles,Debit Card,DEV026,Success,3824,480.8,31,1,0.1166,ATM,0
TXN924265,U0058,2024-01-04 18:15:54,879.66,ATM,Mumbai,Wallet,DEV047,Pending,2094,597.8,73,0,0.1997,Web,0
TXN419680,U0153,2024-01-01 18:22:17,3225.38,Utilities,Sydney,UPI,DEV033,Success,3818,401.3,187,1,0.6919,ATM,0
TXN560429,U0009,2024-01-19 12:15:22,497.79,ATM,Paris,Wallet,DEV027,Pending,222,512.4,163,1,0.7329,Web,0
TXN300042,U0042,2024-01-31 13:35:28,3363.81,Online,Tokyo,UPI,DEV016,Pending,2423,727.2,88,1,0.7124,ATM,0
TXN376174,U0071,2024-01-25 10:06:47,3179.17,Entertainment,Chicago,UPI,DEV036,Pending,3302,521.0,41,1,0.3332,Web,0
TXN697543,U0172,2024-01-19 08:19:40,4057.09,Online,Houston,Credit Card,DEV011,Pending,3830,398.9,126,0,0.7851,Web,0
TXN985107,U0197,2024-01-03 21:08:59,1363.25,Travel,Houston,Net Banking,DEV002,Failed,948,396.9,82,1,0.499,Web,0
TXN868131,U0102,2024-01-07 04:11:32,1051.26,Food,New York,Credit Card,DEV011,Failed,1027,330.3,143,1,0.5979,Mobile,0
TXN650820,U0113,2024-01-26 16:50:01,3527.23,Travel,Paris,Credit Card,DEV037,Failed,3569,481.4,113,0,0.4254,POS,0
TXN709625,U0140,2024-01-08 11:30:10,4557.15,Food,Houston,Wallet,DEV002,Failed,3307,807.2,126,0,0.104,Web,0
TXN000053,U0118,2024-01-30 05:07:33,39991.54,Online,New York,UPI,DEV023,Success,1767,687.2,299,1,0.8115,Mobile,1
TXN000031,U0054,2024-01-20 22:58:59,7816.51,ATM,Los Angeles,Credit Card,DEV010,Pending,1928,823.9,227,1,0.9515,Web,1
TXN856387,U0149,2024-01-07 13:51:44,4686.84,Online,New York,Credit Card,DEV016,Failed,966,323.3,198,1,0.6683,ATM,0
TXN112698,U0124,2024-01-10 00:48:33,3358.03,Entertainment,Chicago,Net Banking,DEV016,Pending,3780,693.7,137,0,0.1768,POS,0
TXN385003,U0077,2024-01-30 03:27:53,2485.44,Utilities,Phoenix,Debit Card,DEV006,Success,1539,403.0,15,0,0.3478,ATM,0
TXN980275,U0168,2024-01-26 07:04:51,2460.96,Food,Mumbai,Debit Card,DEV049,Pending,883,773.9,99,0,0.3889,ATM,0
TXN000077,U0092,2024-01-08 21:45:08,31889.59,Retail,Sydney,Debit Card,DEV029,Pending,510,402.2,258,1,0.8518,ATM,1
TXN296777,U0104,2024-01-31 06:29:13,412.55,Entertainment,Mumbai,UPI,DEV016,Pending,2006,450.0,172,0,0.7627,Mobile,0
TXN938659,U0022,2024-01-18 16:50:17,4065.37,ATM,Sydney,Debit Card,DEV028,Success,673,790.5,178,0,0.4324,Web,0
TXN881556,U0156,2024-01-13 09:58:56,629.06,ATM,Los Angeles,Credit Card,DEV024,Success,1928,458.9,116,0,0.3856,Web,0
TXN140224,U0026,2024-01-01 08:34:16,3476.26,Online,Phoenix,Wallet,DEV017,Failed,1949,462.2,174,1,0.1613,Web,0
TXN229287,U0184,2024-01-09 03:25:22,4715.96,Online,Paris,UPI,DEV017,Pending,1501,398.5,32,0,0.5951,POS,0
TXN181467,U0097,2024-01-17 11:38:41,1725.96,ATM,Mumbai,Credit Card,DEV002,Failed,225,523.9,112,1,0.6803,Web,0
TXN523510,U0082,2024-01-26 04:53:18,1760.68,ATM,Chicago,Wallet,DEV021,Pending,3102,727.1,120,0,0.1637,POS,0
TXN002188,U0191,2024-01-06 05:46:26,1784.99,Online,Sydney,Debit Card,DEV036,Success,995,677.1,95,1,0.3857,Mobile,0
TXN736467,U0111,2024-01-06 09:35:06,962.25,ATM,Los Angeles,Debit Card,DEV031,Pending,2877,718.0,60,0,0.7298,ATM,0
TXN733790,U0170,2024-01-28 21:55:32,1316.47,Online,Mumbai,UPI,DEV043,Failed,2387,635.6,184,1,0.1882,Mobile,0
TXN111030,U0098,2024-01-21 19:37:04,4076.26,Online,New York,UPI,DEV009,Pending,1374,621.0,37,1,0.3064,Mobile,0
TXN777956,U0085,2024-01-29 04:23:29,2013.46,Retail,Los Angeles,Net Banking,DEV046,Pending,3460,847.1,56,1,0.128,POS,0
TXN034822,U0118,2024-01-12 15:57:27,856.92,Entertainment,New York,Debit Card,DEV002,Pending,1838,812.0,12,1,0.4745,ATM,0
TXN328792,U0020,2024-01-30 04:55:11,800.69,Online,New York,Debit Card,DEV019,Failed,2976,403.0,51,1,0.5972,ATM,0
TXN169298,U0128,2024-01-20 02:36:09,3411.12,Retail,Houston,Wallet,DEV028,Failed,830,606.3,70,0,0.6656,Web,0
TXN234401,U0067,2024-01-15 21:34:03,1183.83,Online,New York,Debit Card,DEV031,Pending,2193,726.0,74,1,0.1807,Web,0
TXN137032,U0081,2024-01-26 01:49:58,2241.37,Retail,Tokyo,Debit Card,DEV046,Pending,471,547.2,193,0,0.2605,Web,0
TXN000044,U0128,2024-01-12 07:18:31,16957.25,ATM,New York,Wallet,DEV040,Success,2004,742.0,249,1,0.6685,ATM,1
TXN004667,U0066,2024-01-07 16:10:35,3043.89,Food,Houston,Debit Card,DEV048,Success,604,341.1,161,1,0.4464,POS,0
TXN371307,U0077,2024-01-12 06:18:17,1370.73,Travel,Tokyo,Net Banking,DEV021,Pending,2201,784.4,116,0,0.6777,Web,0
TXN429094,U0167,2024-01-06 18:43:19,1485.93,Travel,Los Angeles,Debit Card,DEV025,Pending,3520,582.1,119,1,0.5799,Mobile,0
TXN222154,U0002,2024-01-04 00:46:09,3701.38,Online,London,UPI,DEV050,Failed,2149,546.3,170,0,0.2722,Web,0
TXN454231,U0063,2024-01-21 10:28:22,2701.94,Utilities,Los Angeles,Credit Card,DEV002,Pending,344,730.8,63,0,0.1166,Mobile,0
TXN092320,U0188,2024-01-23 21:09:06,1909.23,Entertainment,Paris,Wallet,DEV020,Failed,2037,571.8,50,1,0.2291,POS,0
TXN921922,U0180,2024-01-30 14:22:49,2563.13,ATM,Chicago,Debit Card,DEV024,Pending,3327,704.1,146,0,0.5779,POS,0
TXN473825,U0033,2024-01-13 09:32:12,1104.66,Travel,Houston,UPI,DEV021,Failed,2888,635.1,128,1,0.7813,Web,0
TXN645061,U0019,2024-01-18 20:45:49,4070.77,Retail,Mumbai,Debit Card,DEV023,Pending,1282,524.0,192,1,0.5278,Web,0
TXN000107,U0036,2024-01-23 22:36:10,16883.44,Food,Paris,Credit Card,DEV048,Pending,280,494.4,276,0,0.9479,Mobile,1
TXN864752,U0192,2024-01-25 18:04:03,1702.56,Food,Houston,Net Banking,DEV034,Failed,2268,620.0,157,0,0.7308,POS,0
TXN048018,U0083,2024-01-16 20:25:00,4587.3,Food,London,UPI,DEV023,Failed,2447,786.0,164,0,0.733,Mobile,0
TXN453906,U0051,2024-01-13 09:40:37,3833.75,ATM,Chicago,Credit Card,DEV036,Failed,975,459.4,161,0,0.2963,POS,0
TXN996101,U0020,2024-01-05 10:32:29,3475.27,Online,Mumbai,Credit Card,DEV033,Failed,3044,829.0,86,1,0.5389,POS,0
TXN390427,U0093,2024-01-22 07:55:52,3702.08,Travel,Houston,Credit Card,DEV021,Failed,1699,667.8,93,1,0.6761,Web,0
TXN273990,U0031,2024-01-06 05:14:36,1786.63,Utilities,Houston,Credit Card,DEV008,Failed,825,818.0,99,1,0.5706,Web,0
TXN398072,U0164,2024-01-09 23:01:46,1382.48,ATM,Paris,Net Banking,DEV013,Failed,2235,739.4,148,0,0.4117,Web,0
TXN334648,U0001,2024-01-24 04:25:37,317.49,Retail,Houston,Net Banking,DEV050,Failed,999,538.3,106,1,0.225,POS,0
TXN422097,U0016,2024-01-16 19:54:51,2371.28,Online,Sydney,UPI,DEV032,Success,844,749.3,86,1,0.3106,Mobile,0
TXN949869,U0195,2024-01-04 11:49:54,1541.93,Travel,Los Angeles,Debit Card,DEV044,Failed,3069,437.9,169,0,0.6215,POS,0
TXN742891,U0104,2024-01-28 22:14:04,2128.83,Retail,Phoenix,Wallet,DEV029,Pending,1029,419.7,52,1,0.7052,ATM,0
TXN297711,U0107,2024-01-08 17:49:32,3264.73,Travel,Chicago,UPI,DEV002,Pending,2019,724.0,188,0,0.2556,Mobile,0
TXN000153,U0150,2024-01-21 22:13:07,48993.22,Online,Sydney,Net Banking,DEV024,Failed,1348,453.1,166,1,0.6401,POS,1
TXN000009,U0083,2024-01-31 12:44:43,45207.28,Utilities,Mumbai,UPI,DEV025,Failed,545,530.1,50,0,0.767,POS,1
TXN591615,U0147,2024-01-13 22:53:45,3312.12,Entertainment,Los Angeles,Net Banking,DEV032,Pending,3271,463.2,141,1,0.3199,ATM,0
TXN068002,U0075,2024-01-15 12:45:07,4463.43,Retail,Los Angeles,Debit Card,DEV049,Pending,3427,400.2,93,0,0.139,Mobile,0
TXN624012,U0055,2024-01-06 03:12:40,3489.57,Online,Tokyo,Wallet,DEV025,Failed,2403,667.2,178,0,0.4331,Mobile,0
TXN005325,U0035,2024-01-12 12:42:40,2000.75,Online,New York,Credit Card,DEV019,Failed,1545,388.8,118,0,0.6612,Mobile,0
TXN804894,U0146,2024-01-18 01:25:12,3548.01,ATM,Houston,Credit Card,DEV011,Pending,1542,391.0,149,1,0.7988,Mobile,0
TXN201904,U0061,2024-01-21 09:14:10,789.33,Food,Los Angeles,Credit Card,DEV016,Success,3112,810.6,139,1,0.537,ATM,0
TXN769812,U0111,2024-01-14 01:11:06,4567.97,ATM,Sydney,Credit Card,DEV022,Pending,2233,664.9,144,1,0.7603,Web,0
TXN296736,U0128,2024-01-19 20:51:53,279.79,Retail,Sydney,Debit Card,DEV020,Failed,2440,452.5,90,1,0.4829,ATM,0
TXN470450,U0022,2024-01-16 22:17:39,4911.13,Retail,Mumbai,Net Banking,DEV019,Success,2770,574.4,63,0,0.7805,Web,0
TXN363818,U0005,2024-01-11 08:29:23,1173.39,Entertainment,Los Angeles,Wallet,DEV014,Success,1258,723.3,71,1,0.4623,ATM,0
TXN241049,U0200,2024-01-24 16:46:59,770.82,Utilities,Phoenix,Net Banking,DEV008,Pending,1748,816.6,120,1,0.1315,Mobile,0
TXN295969,U0165,2024-01-03 04:15:10,3154.23,Utilities,Mumbai,Credit Card,DEV047,Pending,855,505.2,53,1,0.564,Mobile,0
TXN127677,U0061,2024-01-05 16:18:42,2855.46,Utilities,New York,UPI,DEV025,Success,793,480.7,145,0,0.6032,Web,0
TXN358649,U0199,2024-01-02 19:27:24,357.5,Online,Phoenix,Credit Card,DEV017,Pending,1948,496.7,55,0,0.3265,POS,0
TXN165031,U0107,2024-01-06 05:20:30,311.85,Online,Sydney,UPI,DEV004,Success,396,503.7,20,1,0.664,Web,0
TXN439719,U0073,2024-01-10 02:19:50,3185.49,Entertainment,Los Angeles,Wallet,DEV030,Failed,144,598.7,71,0,0.6662,Mobile,0
TXN418214,U0010,2024-01-21 01:41:24,1652.48,Online,London,Wallet,DEV011,Failed,1148,417.2,144,0,0.4177,Mobile,0
TXN687901,U0102,2024-01-28 01:09:47,4743.98,Travel,London,UPI,DEV023,Failed,3098,836.9,10,0,0.1762,Web,0
TXN207557,U0114,2024-01-09 10:31:03,310.88,Travel,Los Angeles,Net Banking,DEV042,Success,2175,524.6,117,0,0.4452,ATM,0
TXN671464,U0013,2024-01-17 08:12:24,4137.44,ATM,Tokyo,Credit Card,DEV050,Pending,983,387.9,141,1,0.7419,Mobile,0
TXN000070,U0008,2024-01-09 22:01:20,17772.17,Travel,Los Angeles,Credit Card,DEV040,Pending,1984,423.1,346,1,0.9774,ATM,1
TXN326930,U0146,2024-01-20 04:09:35,2027.37,Retail,Mumbai,UPI,DEV010,Pending,2726,512.1,196,0,0.6441,POS,0
TXN559473,U0070,2024-01-18 15:02:04,2922.53,Entertainment,Mumbai,Debit Card,DEV042,Success,3407,676.3,98,0,0.6307,Mobile,0
TXN178261,U0009,2024-01-05 16:44:07,4105.03,Retail,Phoenix,Wallet,DEV023,Failed,1304,371.7,74,0,0.6544,POS,0
TXN000050,U0068,2024-01-11 21:23:51,43333.79,Travel,Phoenix,Wallet,DEV008,Failed,163,684.2,85,0,0.9391,Web,1
TXN400158,U0028,2024-01-28 15:56:04,4941.38,Online,Paris,Debit Card,DEV029,Pending,1273,454.5,102,1,0.2578,Web,0
TXN392821,U0106,2024-01-20 14:39:23,4804.37,Online,Los Angeles,Credit Card,DEV010,Pending,3807,608.9,190,0,0.281,Web,0
TXN813769,U0055,2024-01-05 11:12:34,4966.4,Utilities,London,Wallet,DEV028,Failed,1922,384.1,58,0,0.2218,Web,0
TXN692118,U0198,2024-01-31 15:34:45,4947.17,Retail,Paris,Debit Card,DEV049,Pending,3326,511.9,54,0,0.64,POS,0
TXN155414,U0146,2024-01-04 05:31:51,2635.69,Travel,Sydney,Wallet,DEV046,Pending,2296,697.8,161,0,0.7272,POS,0
TXN751916,U0089,2024-01-02 12:51:00,2424.68,Online,New York,Credit Card,DEV020,Failed,2996,341.7,177,0,0.7759,Mobile,0
TXN822045,U0026,2024-01-02 14:08:24,3060.63,Food,New York,Wallet,DEV014,Success,768,329.1,56,0,0.3611,POS,0
TXN635941,U0021,2024-01-09 05:43:07,602.25,Online,Sydney,Debit Card,DEV030,Success,2217,812.5,172,0,0.1868,ATM,0
TXN165494,U0046,2024-01-03 07:27:50,3565.94,Retail,Tokyo,Credit Card,DEV038,Failed,3187,752.1,136,0,0.5805,Mobile,0
TXN038155,U0043,2024-01-17 19:33:36,385.42,Entertainment,Houston,Wallet,DEV038,Pending,2282,585.5,14,0,0.7857,Mobile,0
TXN115004,U0052,2024-01-11 14:17:55,903.45,ATM,London,Debit Card,DEV035,Failed,2247,344.1,142,1,0.7959,ATM,0
TXN624767,U0010,2024-01-20 23:11:22,1696.02,Travel,Los Angeles,Credit Card,DEV013,Failed,2426,447.4,50,0,0.2007,Web,0
TXN235708,U0023,2024-01-14 13:25:41,3698.99,Entertainment,Houston,Credit Card,DEV028,Pending,2756,354.3,52,0,0.6282,Mobile,0
TXN226129,U0051,2024-01-05 20:33:01,2161.72,Food,Tokyo,UPI,DEV045,Success,2849,469.0,194,0,0.6796,Web,0
TXN080802,U0192,2024-01-17 03:49:04,3760.73,Utilities,Chicago,Net Banking,DEV017,Failed,3291,346.2,187,1,0.7125,POS,0
TXN931331,U0133,2024-01-19 23:17:22,1199.37,Retail,Phoenix,Credit Card,DEV021,Pending,1617,845.4,118,0,0.4101,ATM,0
TXN000024,U0198,2024-01-05 04:33:04,32484.29,Travel,New York,Wallet,DEV004,Success,1905,816.2,299,0,0.7284,Mobile,1
TXN000139,U0006,2024-01-22 15:38:55,34342.97,Food,Los Angeles,Debit Card,DEV009,Success,2176,308.3,414,1,0.5432,Web,1
TXN843889,U0195,2024-01-14 01:48:38,1327.92,Retail,Phoenix,UPI,DEV040,Success,2047,589.4,21,0,0.7598,ATM,0
TXN845924,U0104,2024-01-23 18:51:24,1042.5,Food,Chicago,Net Banking,DEV002,Failed,135,381.9,57,0,0.4607,ATM,0
TXN383537,U0123,2024-01-07 04:02:37,2135.9,Travel,Chicago,Credit Card,DEV014,Failed,477,429.4,88,0,0.3863,Mobile,0
TXN621678,U0086,2024-01-25 22:39:11,4716.58,Online,Los Angeles,Credit Card,DEV004,Failed,204,743.7,52,0,0.3538,POS,0
TXN985201,U0193,2024-01-27 16:01:39,878.78,ATM,Tokyo,Debit Card,DEV046,Failed,696,675.3,68,1,0.5849,Web,0
TXN853252,U0118,2024-01-13 01:15:43,1128.08,Utilities,Tokyo,Credit Card,DEV012,Failed,578,738.5,48,1,0.4435,ATM,0
TXN000145,U0147,2024-01-25 02:34:31,6982.8,Retail,Tokyo,Wallet,DEV005,Success,2381,584.3,106,1,0.8863,Web,1
TXN164192,U0026,2024-01-18 13:17:37,1670.84,Retail,Chicago,Debit Card,DEV016,Success,3218,323.8,140,0,0.2448,ATM,0
TXN826636,U0041,2024-01-02 08:45:28,423.21,Retail,Tokyo,Debit Card,DEV005,Pending,208,537.2,143,0,0.3796,ATM,0
TXN000098,U0033,2024-01-03 09:51:56,10790.72,ATM,Phoenix,Net Banking,DEV041,Success,2789,509.8,406,0,0.7393,Mobile,1
TXN381188,U0052,2024-01-23 11:42:00,3685.42,Utilities,Houston,Debit Card,DEV046,Pending,2142,571.4,126,0,0.7019,Mobile,0
TXN281748,U0047,2024-01-31 12:18:36,3358.94,Food,Houston,Wallet,DEV014,Success,3025,461.0,163,1,0.3748,Web,0
TXN060303,U0028,2024-01-25 12:38:43,915.99,Food,Houston,Net Banking,DEV044,Pending,1892,824.0,89,0,0.4951,ATM,0
TXN701708,U0012,2024-01-11 11:12:23,841.43,ATM,Phoenix,Wallet,DEV036,Success,2530,617.3,34,0,0.2771,ATM,0
TXN433357,U0105,2024-01-30 19:29:01,2824.73,Retail,New York,Debit Card,DEV018,Failed,2228,446.4,199,0,0.7209,ATM,0
TXN756638,U0017,2024-01-06 15:36:54,1681.07,ATM,Paris,Net Banking,DEV050,Failed,1357,341.4,85,0,0.7186,POS,0
TXN294321,U0200,2024-01-27 20:08:16,4877.98,Entertainment,New York,Net Banking,DEV044,Pending,1331,572.2,120,0,0.1359,Web,0
TXN471624,U0027,2024-01-23 05:05:54,4387.0,ATM,Paris,Net Banking,DEV030,Success,1579,784.5,134,1,0.7189,POS,0
TXN010184,U0067,2024-01-26 23:08:23,2767.84,ATM,Mumbai,Debit Card,DEV009,Success,2309,626.9,91,0,0.2825,POS,0
TXN620190,U0091,2024-01-24 00:45:32,4780.01,Online,Chicago,Debit Card,DEV050,Failed,2687,495.4,12,0,0.7108,Web,0
TXN359045,U0033,2024-01-30 02:34:28,588.31,Utilities,Chicago,UPI,DEV021,Success,2473,573.8,54,1,0.6277,Web,0
TXN501996,U0038,2024-01-13 10:21:33,4255.08,Online,Sydney,Net Banking,DEV039,Failed,496,423.7,72,0,0.373,POS,0
TXN554142,U0097,2024-01-08 06:49:01,3450.37,ATM,Tokyo,Credit Card,DEV002,Success,2026,373.2,190,1,0.2561,POS,0
TXN129756,U0193,2024-01-29 21:51:58,3147.17,Entertainment,London,Credit Card,DEV016,Pending,1932,328.6,109,0,0.3463,Web,0
TXN528859,U0006,2024-01-16 05:15:13,2503.02,Online,Houston,Net Banking,DEV027,Success,2346,312.4,33,1,0.3931,POS,0
TXN472184,U0169,2024-01-02 22:25:57,1751.54,Entertainment,Mumbai,Net Banking,DEV041,Success,1289,341.8,171,0,0.7464,Web,0
TXN791516,U0061,2024-01-20 18:02:35,4203.05,Online,Sydney,Credit Card,DEV019,Failed,2953,433.9,85,0,0.7363,POS,0
TXN685631,U0038,2024-01-17 15:26:58,1609.36,Utilities,Mumbai,UPI,DEV013,Success,318,408.6,76,1,0.6193,Mobile,0
TXN488869,U0134,2024-01-09 13:43:51,4758.1,ATM,Mumbai,Credit Card,DEV002,Success,3456,819.0,112,0,0.1932,Web,0
TXN000082,U0166,2024-01-12 13:22:00,18590.85,Utilities,Chicago,Net Banking,DEV045,Failed,1753,679.1,350,0,0.8737,Web,1
TXN175558,U0187,2024-01-27 06:01:03,657.57,Online,Tokyo,Wallet,DEV017,Failed,3583,739.5,175,0,0.2587,Web,0
TXN873144,U0008,2024-01-01 02:19:48,576.75,ATM,Phoenix,Wallet,DEV049,Failed,1175,615.5,83,0,0.3233,Mobile,0
TXN289606,U0181,2024-01-23 16:10:16,4924.28,Food,Paris,Debit Card,DEV042,Pending,2488,471.3,47,1,0.6494,ATM,0
TXN872740,U0087,2024-01-14 13:42:56,4052.13,Retail,Los Angeles,Wallet,DEV031,Success,3432,791.7,185,1,0.7321,ATM,0
TXN194381,U0058,2024-01-03 03:56:01,3389.25,ATM,Phoenix,Credit Card,DEV007,Pending,1704,435.0,102,1,0.7059,Web,0
TXN029517,U0176,2024-01-22 16:50:10,985.91,Entertainment,Tokyo,Debit Card,DEV048,Success,444,846.7,105,0,0.4183,ATM,0
TXN063037,U0082,2024-01-19 06:11:02,857.39,Retail,New York,Net Banking,DEV032,Pending,2400,714.6,66,1,0.3225,POS,0
TXN897222,U0191,2024-01-08 03:33:18,2716.99,Online,Los Angeles,Net Banking,DEV042,Pending,3654,803.0,103,0,0.7282,Web,0
TXN485681,U0100,2024-01-18 13:27:07,2973.18,Retail,New York,Debit Card,DEV012,Failed,3612,823.2,75,1,0.6308,Mobile,0
TXN142778,U0048,2024-01-02 17:32:02,1757.74,Utilities,Mumbai,Wallet,DEV028,Failed,1087,344.6,113,0,0.6297,Web,0
TXN000039,U0139,2024-01-18 13:17:25,35496.34,Entertainment,Houston,Net Banking,DEV022,Failed,1887,438.4,217,0,0.6814,Web,1
TXN704932,U0133,2024-01-06 10:19:30,2236.71,Entertainment,Paris,Wallet,DEV027,Success,685,694.3,73,1,0.572,POS,0
TXN862690,U0087,2024-01-24 17:46:49,1631.91,Utilities,Phoenix,Wallet,DEV037,Success,1357,580.0,171,1,0.7259,POS,0
TXN875878,U0180,2024-01-27 09:00:15,2993.37,Entertainment,Los Angeles,Net Banking,DEV049,Success,3550,824.7,40,0,0.6791,ATM,0
TXN304164,U0084,2024-01-20 12:50:23,4604.14,Online,London,UPI,DEV029,Success,1036,723.0,172,1,0.2258,Web,0
TXN872937,U0102,2024-01-01 12:09:30,2656.28,Retail,Tokyo,Wallet,DEV001,Failed,3557,555.4,124,0,0.796,Mobile,0
TXN151819,U0076,2024-01-19 02:25:07,3661.37,Food,London,UPI,DEV029,Pending,1226,559.0,162,1,0.116,ATM,0
TXN848579,U0120,2024-01-05 18:26:49,1496.09,Utilities,Phoenix,Credit Card,DEV036,Failed,3392,497.8,127,1,0.1919,POS,0
TXN146657,U0049,2024-01-27 08:23:29,2937.88,Utilities,Mumbai,UPI,DEV022,Success,316,546.9,120,0,0.3503,Mobile,0
TXN246679,U0044,2024-01-03 00:25:55,1026.52,Retail,Sydney,Net Banking,DEV031,Failed,1185,807.5,197,1,0.3741,Mobile,0
TXN314865,U0033,2024-01-03 14:10:34,1856.16,Utilities,Sydney,Debit Card,DEV002,Pending,315,791.2,59,0,0.5196,Web,0
TXN299370,U0036,2024-01-11 21:13:50,1316.13,ATM,Sydney,UPI,DEV043,Pending,966,473.3,60,0,0.1953,Web,0
TXN642887,U0171,2024-01-25 23:56:11,3666.82,Entertainment,Sydney,Wallet,DEV022,Failed,3903,671.6,121,1,0.4177,POS,0
TXN024104,U0010,2024-01-14 13:22:38,1168.31,Retail,Los Angeles,Wallet,DEV013,Success,1448,620.9,42,1,0.6876,Web,0
TXN000054,U0051,2024-01-11 22:12:36,36761.78,Food,Los Angeles,Wallet,DEV001,Success,1717,406.9,160,1,0.8748,Mobile,1
TXN757614,U0024,2024-01-08 00:36:53,3752.12,Travel,Sydney,Debit Card,DEV026,Pending,1545,580.6,135,1,0.2013,Mobile,0
TXN262354,U0033,2024-01-08 10:43:36,1843.99,ATM,Phoenix,UPI,DEV010,Pending,1283,544.9,121,0,0.4735,ATM,0
TXN901769,U0050,2024-01-26 00:46:45,1974.56,Online,Los Angeles,Wallet,DEV015,Pending,3412,682.4,68,0,0.2949,POS,0
TXN644532,U0080,2024-01-20 12:55:19,2373.28,Utilities,Sydney,Net Banking,DEV003,Success,3629,463.4,160,1,0.4434,Mobile,0
TXN211891,U0008,2024-01-10 03:47:14,434.51,Utilities,Los Angeles,Net Banking,DEV033,Success,1989,616.6,143,1,0.3979,ATM,0
TXN187079,U0148,2024-01-08 08:05:22,4500.46,Travel,Mumbai,Debit Card,DEV037,Success,3935,742.1,146,0,0.1476,POS,0
TXN984825,U0022,2024-01-10 10:39:54,1177.92,ATM,London,Wallet,DEV035,Success,1518,719.8,57,1,0.403,Web,0
TXN932746,U0175,2024-01-26 09:41:29,3787.57,Travel,Los Angeles,Net Banking,DEV032,Pending,1670,341.8,141,1,0.5893,POS,0
TXN078600,U0117,2024-01-03 03:41:25,4129.53,Food,New York,Net Banking,DEV011,Success,3310,422.1,77,1,0.4298,POS,0
TXN504897,U0098,2024-01-11 02:46:18,627.22,Utilities,Chicago,UPI,DEV032,Failed,3142,362.3,191,1,0.1881,Web,0
TXN940725,U0005,2024-01-02 09:14:39,314.98,Utilities,Mumbai,UPI,DEV025,Pending,1664,691.0,93,0,0.3683,ATM,0
